preco,detalhes.Condom√≠nio:,classe
6.2e+06,4700,0
6.5e+06,6500,0
6.8e+06,2000,0
7.1e+06,6800,0
7.1e+06,6800,0
7.9e+06,5000,0
8e+06,6000,0
8.5e+06,7900,0
8.8214e+06,5000,0
8.8873e+06,5000,0
8.8959e+06,5000,0
9.1192e+06,5001,0
9.6e+06,6738,0
1.0255e+07,9800,0
1.0403e+07,7800,0
1.1e+07,6860,0
1.2e+07,1,0
1.2e+07,1,0
1.352e+07,14000,0
1.39e+07,10946,0
1.447e+07,7300,0
1.5e+07,7300,0
1.565e+07,7517,0
2.2e+07,4994,0
1.035523e+06,85,1
1.04e+06,920,1
1.05e+06,750,1
1.05e+06,491,1
1.05e+06,850,1
1.05e+06,750,1
1.05e+06,490,1
1.05e+06,357,1
1.05e+06,850,1
1.05e+06,950,1
1.05e+06,1000,1
1.06e+06,973,1
1.06e+06,850,1
1.06e+06,1587,1
1.08e+06,630,1
1.08e+06,450,1
1.083e+06,665,1
1.09e+06,865,1
1.09e+06,905,1
1.09e+06,380,1
1.09e+06,1550,1
1.1e+06,1300,1
1.1e+06,350,1
1.1e+06,961,1
1.1e+06,550,1
1.1e+06,1500,1
1.1e+06,780,1
1.1e+06,700,1
1.1e+06,500,1
1.1e+06,1300,1
1.1e+06,500,1
1.1e+06,380,1
1.1e+06,1550,1
1.1e+06,800,1
1.1e+06,2600,1
1.1e+06,780,1
1.1e+06,500,1
1.1e+06,1345,1
1.1e+06,1350,1
1.1e+06,390,1
1.1e+06,380,1
1.1e+06,800,1
1.1e+06,780,1
1.1e+06,2150,1
1.1084e+06,800,1
1.11e+06,1100,1
1.116e+06,800,1
1.12e+06,315,1
1.13e+06,900,1
1.135e+06,880,1
1.146e+06,980,1
1.146636e+06,900,1
1.149e+06,350,1
1.15e+06,340,1
1.15e+06,830,1
1.15e+06,800,1
1.15e+06,662,1
1.15e+06,1100,1
1.15e+06,650,1
1.15e+06,1000,1
1.15e+06,980,1
1.15e+06,400,1
1.15e+06,600,1
1.159e+06,750,1
1.16e+06,700,1
1.166e+06,350,1
1.169e+06,890,1
1.17e+06,550,1
1.19e+06,220,1
1.19e+06,3150,1
1.19e+06,1,1
1.19e+06,700,1
1.19903e+06,1300,1
1.1999e+06,1994,1
1.2e+06,740,1
1.2e+06,2100,1
1.2e+06,860,1
1.2e+06,1,1
1.2e+06,3000,1
1.2e+06,700,1
1.2e+06,800,1
1.2e+06,3465,1
1.2e+06,710,1
1.2e+06,1390,1
1.2e+06,1900,1
1.2e+06,600,1
1.2e+06,1100,1
1.2e+06,450,1
1.2e+06,650,1
1.2e+06,720,1
1.2e+06,1200,1
1.2e+06,1300,1
1.2e+06,265000,1
1.2e+06,2000,1
1.2e+06,320,1
1.2e+06,700,1
1.2e+06,1500,1
1.2e+06,1300,1
1.2e+06,3200,1
1.2e+06,300,1
1.2e+06,1,1
1.2e+06,1000,1
1.2e+06,750,1
1.2e+06,960,1
1.2e+06,780,1
1.2e+06,2300,1
1.22e+06,414,1
1.22e+06,1000,1
1.23e+06,800,1
1.24e+06,490,1
1.24677e+06,700,1
1.25e+06,3452,1
1.25e+06,1500,1
1.25e+06,900,1
1.25e+06,1250,1
1.25e+06,500,1
1.25e+06,610,1
1.25e+06,250,1
1.25e+06,710,1
1.25e+06,1500,1
1.25e+06,1,1
1.25e+06,1032,1
1.25e+06,1200,1
1.25e+06,1750,1
1.25e+06,505,1
1.25e+06,500,1
1.25e+06,1300,1
1.25e+06,1228,1
1.25e+06,500,1
1.257269e+06,780,1
1.265e+06,450,1
1.27e+06,1200,1
1.27e+06,1325,1
1.275e+06,1670,1
1.28e+06,670,1
1.28e+06,2600,1
1.28e+06,1260,1
1.28e+06,770,1
1.28e+06,950,1
1.28e+06,800,1
1.28e+06,1050,1
1.29e+06,750,1
1.29e+06,550,1
1.29e+06,1218,1
1.29e+06,400,1
1.29e+06,510,1
1.29e+06,460,1
1.295e+06,800,1
1.299e+06,475,1
1.3e+06,1600,1
1.3e+06,1480,1
1.3e+06,100,1
1.3e+06,1560,1
1.3e+06,10,1
1.3e+06,2040,1
1.3e+06,1200,1
1.3e+06,1200,1
1.3e+06,856,1
1.3e+06,980,1
1.3e+06,1110,1
1.3e+06,872,1
1.3e+06,800,1
1.3e+06,300,1
1.3e+06,1200,1
1.3e+06,1,1
1.3e+06,300,1
1.3e+06,1200,1
1.3e+06,1000,1
1.3e+06,1300,1
1.3e+06,270,1
1.3e+06,400,1
1.3e+06,600,1
1.3e+06,340,1
1.307807e+06,590,1
1.307807e+06,590,1
1.31e+06,800,1
1.32e+06,560,1
1.325e+06,520,1
1.325e+06,2115,1
1.325e+06,1300,1
1.325e+06,480,1
1.33e+06,1200,1
1.33e+06,280,1
1.349e+06,446,1
1.35e+06,1800,1
1.35e+06,720,1
1.35e+06,800,1
1.35e+06,330,1
1.35e+06,98,1
1.35e+06,700,1
1.35e+06,1750,1
1.35e+06,495,1
1.35e+06,380,1
1.35e+06,400,1
1.35e+06,1,1
1.35e+06,940,1
1.364688e+06,980,1
1.37e+06,520,1
1.37e+06,500,1
1.37518e+06,1,1
1.38e+06,900,1
1.38e+06,1390,1
1.38e+06,750,1
1.389e+06,840,1
1.39e+06,450,1
1.4e+06,950,1
1.4e+06,680,1
1.4e+06,2400,1
1.4e+06,960,1
1.4e+06,428,1
1.4e+06,415,1
1.4e+06,499,1
1.4e+06,620,1
1.4e+06,1034,1
1.4e+06,1776,1
1.4e+06,1200,1
1.4e+06,2419,1
1.4e+06,200,1
1.4e+06,290,1
1.4e+06,350,1
1.4e+06,1470,1
1.4e+06,580,1
1.4165e+06,944,1
1.42e+06,1400,1
1.428715e+06,780,1
1.43e+06,250,1
1.43e+06,1786,1
1.44e+06,1,1
1.44863e+06,590,1
1.45e+06,220,1
1.45e+06,1350,1
1.45e+06,1065,1
1.45e+06,220,1
1.45e+06,2500,1
1.45e+06,650,1
1.45e+06,428,1
1.45e+06,1300,1
1.45302e+06,776,1
1.46e+06,1700,1
1.47e+06,1150,1
1.48e+06,1677,1
1.48e+06,1150,1
1.49e+06,350,1
1.49e+06,2000,1
1.493e+06,2900,1
1.5e+06,2950,1
1.5e+06,2194,1
1.5e+06,250,1
1.5e+06,2600,1
1.5e+06,640,1
1.5e+06,596,1
1.5e+06,966,1
1.5e+06,900,1
1.5e+06,1060,1
1.5e+06,250,1
1.5e+06,480,1
1.5e+06,1300,1
1.5e+06,3580,1
1.5e+06,1800,1
1.5e+06,1350,1
1.5e+06,300,1
1.5e+06,1950,1
1.5e+06,400,1
1.5e+06,750,1
1.5e+06,500,1
1.511614e+06,590,1
1.52e+06,1320,1
1.53e+06,460,1
1.55e+06,6590,1
1.55e+06,850,1
1.55e+06,400,1
1.55e+06,789,1
1.55e+06,600,1
1.58e+06,425,1
1.58e+06,906,1
1.59e+06,2000,1
1.59e+06,380,1
1.59e+06,850,1
1.595e+06,605,1
1.6e+06,4900,1
1.6e+06,1850,1
1.6e+06,1000,1
1.6e+06,300,1
1.6e+06,2850,1
1.6e+06,340,1
1.6e+06,897,1
1.6e+06,1650,1
1.6e+06,2653,1
1.6e+06,550,1
1.6e+06,1313,1
1.6e+06,1850,1
1.6e+06,600,1
1.6e+06,1100,1
1.6e+06,2100,1
1.6e+06,600,1
1.6e+06,2000,1
1.6e+06,900,1
1.6e+06,500,1
1.61e+06,1000,1
1.62e+06,2500,1
1.64e+06,1100,1
1.645e+06,759,1
1.65e+06,800,1
1.65e+06,1100,1
1.65e+06,250,1
1.65e+06,980,1
1.65e+06,1958,1
1.65e+06,430,1
1.65e+06,730,1
1.65e+06,954,1
1.673985e+06,850,1
1.68e+06,900,1
1.68e+06,720,1
1.69e+06,3142,1
1.69e+06,550,1
1.69e+06,770,1
1.69e+06,550,1
1.7e+06,1000,1
1.7e+06,2600,1
1.7e+06,500,1
1.7e+06,380,1
1.7e+06,609,1
1.7e+06,1500,1
1.7e+06,1050,1
1.7e+06,2852,1
1.73e+06,550,1
1.75e+06,1800,1
1.75e+06,450,1
1.75e+06,1500,1
1.75e+06,855,1
1.79e+06,1000,1
1.8e+06,3500,1
1.8e+06,490,1
1.8e+06,1460,1
1.8e+06,500,1
1.8e+06,2800,1
1.8e+06,1300,1
1.81e+06,1650,1
1.85e+06,1231,1
1.85e+06,6000,1
1.85e+06,1400,1
1.85e+06,1100,1
1.85e+06,400,1
1.855e+06,530,1
1.88e+06,270,1
1.89e+06,1500,1
1.897e+06,250,1
1.898e+06,1350,1
1.9e+06,560,1
1.9e+06,843,1
1.9e+06,2700,1
1.9e+06,471,1
1.9e+06,460,1
1.9e+06,720,1
1.9e+06,350,1
1.9e+06,350,1
1.94e+06,2490,1
1.95e+06,456,1
1.95e+06,400,1
1.97e+06,1700,1
1.98e+06,1500,1
2e+06,3000,1
2e+06,650,1
2e+06,500,1
2e+06,3116,1
2e+06,1700,1
2e+06,450,1
2e+06,650,1
2e+06,1000,1
2e+06,1757,1
2e+06,985,1
2e+06,350,1
2.05e+06,1513,1
2.08e+06,1300,1
2.09e+06,650,1
2.1e+06,2200,1
2.1e+06,600,1
2.1e+06,1957,1
2.1e+06,400,1
2.1e+06,1400,1
2.1e+06,700,1
2.1e+06,1700,1
2.128e+06,1500,1
2.13e+06,1700,1
2.15e+06,1750,1
2.15e+06,1079,1
2.2e+06,2875,1
2.2e+06,815,1
2.2e+06,350,1
2.2e+06,1900,1
2.2e+06,3000,1
2.2e+06,500,1
2.2e+06,780,1
2.2e+06,650,1
2.2e+06,1400,1
2.24e+06,1,1
2.25e+06,1750,1
2.27e+06,1,1
2.285e+06,2500,1
2.3e+06,1395,1
2.3e+06,300,1
2.3e+06,4700,1
2.3e+06,1,1
2.3e+06,750,1
2.3e+06,1500,1
2.3e+06,800,1
2.3e+06,1801,1
2.3e+06,2500,1
2.3e+06,2950,1
2.37e+06,2400,1
2.38e+06,1,1
2.38e+06,2000,1
2.39e+06,4500,1
2.39e+06,1000,1
2.396e+06,2630,1
2.4e+06,1230,1
2.4e+06,3000,1
2.4e+06,700,1
2.4327e+06,670,1
2.45e+06,2882,1
2.45e+06,829,1
2.45e+06,900,1
2.47e+06,1,1
2.49e+06,5000,1
2.5e+06,1500,1
2.5e+06,1900,1
2.5e+06,680,1
2.5e+06,1146,1
2.51e+06,1200,1
2.51e+06,1200,1
2.521e+06,1800,1
2.55e+06,1957,1
2.6e+06,595,1
2.6e+06,1800,1
2.65e+06,2300,1
2.7e+06,1900,1
2.7e+06,1300,1
2.7e+06,850,1
2.7e+06,1000,1
2.7e+06,2100,1
2.79e+06,3442,1
2.8e+06,2180,1
2.8e+06,900,1
2.8e+06,445,1
2.8e+06,640,1
2.8e+06,2300,1
2.8e+06,1400,1
2.8e+06,3200,1
2.8e+06,1384,1
2.8e+06,1107,1
2.8023e+06,1000,1
2.8023e+06,1000,1
2.8023e+06,1000,1
2.84e+06,1000,1
2.85e+06,1300,1
2.857e+06,3000,1
2.9e+06,626,1
2.9e+06,1482,1
2.95e+06,4315,1
2.979e+06,1897,1
2.9868e+06,1900,1
3e+06,1,1
3e+06,380,1
3e+06,2500,1
3.06716e+06,1595,1
3.09e+06,2877,1
3.1e+06,2660,1
3.15e+06,6390,1
3.15006e+06,1500,1
3.2e+06,3000,1
3.2e+06,3600,1
3.2e+06,950,1
3.3e+06,498,1
3.3e+06,6200,1
3.3e+06,2877,1
3.45e+06,3200,1
3.46497e+06,1500,1
3.472e+06,3278,1
3.5e+06,6200,1
3.5e+06,6200,1
3.5e+06,5000,1
3.5e+06,6200,1
3.5e+06,781,1
3.65e+06,4033,1
3.8e+06,2000,1
3.85e+06,1100,1
3.98e+06,2700,1
4e+06,730,1
4e+06,780,1
4e+06,4000,1
4.15e+06,3900,1
4.25e+06,1740,1
4.4e+06,3000,1
4.45e+06,5200,1
4.5e+06,900,1
4.5e+06,4820,1
4.5e+06,3900,1
4.8e+06,2300,1
4.89e+06,3213,1
4.9e+06,2900,1
5e+06,3300,1
6e+06,3686,1
1,74,2
16,1,2
16,1,2
16,1,2
100,100,2
100,1,2
110,160,2
120,300,2
120,198,2
139,250,2
139,250,2
140,130,2
150,30,2
150,337,2
155,260,2
155,160,2
155,269,2
160,185,2
160,170,2
165,30,2
165,30,2
170,260,2
175,350,2
179,30,2
180,400,2
180,165,2
195,192,2
199,200,2
200,10,2
200,310,2
200,250,2
205,230,2
210,360,2
210,400,2
215,330,2
220,150,2
220,320,2
220,320,2
225,296,2
230,280,2
240,490,2
250,300,2
280,192,2
285,285,2
290,407,2
290,470,2
290,270,2
295,550,2
299,180,2
300,390,2
320,250,2
320,320,2
330,500,2
340,450,2
350,520,2
350,320,2
350,350,2
374,320,2
380,400,2
399,500,2
400,400,2
400,400,2
420,80,2
430,540,2
450,832,2
450,30,2
450,150,2
465,1700,2
470,670,2
480,110,2
499,600,2
500,50,2
500,400,2
500,190,2
500,66,2
500,200,2
500,80,2
500,110,2
500,240,2
500,376,2
500,50,2
500,200,2
550,177,2
550,300,2
550,300,2
550,140,2
550,285,2
550,214,2
550,206,2
550,240,2
550,1,2
550,240,2
550,160,2
550,135,2
550,210,2
550,884,2
550,45,2
550,200,2
580,260,2
580,220,2
595,214,2
600,200,2
600,200,2
600,236,2
600,100,2
600,100,2
600,120,2
600,100,2
600,333,2
600,440,2
600,250,2
600,460,2
600,70,2
600,235,2
600,200,2
600,160,2
600,120,2
600,262,2
600,150,2
600,220,2
600,110,2
600,280,2
600,355,2
600,160,2
600,200,2
600,200,2
600,324,2
600,300,2
600,60,2
600,118,2
600,286,2
600,245,2
607,360,2
610,180,2
620,248,2
620,180,2
620,187,2
650,120,2
650,350,2
650,300,2
650,590,2
650,150,2
650,220,2
650,501,2
650,190,2
650,100,2
650,100,2
650,12900,2
650,180,2
650,390,2
650,200,2
650,200,2
650,365,2
650,436,2
660,60,2
660,290,2
670,230,2
690,420,2
690,40,2
690,260,2
700,200,2
700,290,2
700,210,2
700,250,2
700,254,2
700,200,2
700,280,2
700,99,2
700,250,2
700,150,2
700,660,2
700,180,2
700,113,2
700,148,2
700,220,2
700,212,2
700,100,2
700,170,2
700,240,2
700,290,2
715,200,2
715,210,2
720,460,2
750,170,2
750,170,2
750,80,2
750,100,2
750,205,2
750,50,2
750,860,2
750,80,2
750,625,2
750,1,2
750,330,2
750,1,2
750,260,2
750,349,2
750,100,2
750,202,2
750,250,2
750,413,2
750,520,2
760,265,2
760,252,2
780,300,2
780,220,2
790,300,2
790,220,2
800,170,2
800,350,2
800,342,2
800,400,2
800,40,2
800,371,2
800,340,2
800,185,2
800,300,2
800,393,2
800,657,2
800,210,2
800,168,2
800,300,2
800,253,2
800,100,2
800,350,2
800,150,2
800,180,2
800,200,2
800,240,2
800,387,2
800,700,2
800,1,2
800,680,2
800,72,2
800,800,2
800,168,2
800,170,2
800,350,2
800,120,2
800,300,2
800,450,2
800,260,2
810,190,2
820,220,2
825,20,2
830,360,2
840,311,2
850,430,2
850,300,2
850,500,2
850,332,2
850,100,2
850,350,2
850,280,2
850,220000,2
850,640,2
850,330,2
850,370,2
850,150,2
850,69,2
850,100,2
850,225,2
850,430,2
850,430,2
850,215,2
850,300,2
850,250,2
850,400,2
850,281,2
850,250,2
850,300,2
850,450,2
860,290,2
866,200,2
870,1,2
875,335,2
880,250,2
890,350,2
899,450,2
900,420,2
900,230,2
900,540,2
900,180,2
900,100,2
900,100,2
900,800,2
900,250,2
900,562,2
900,300,2
900,600,2
900,270,2
900,280,2
900,250,2
900,275,2
900,500,2
900,278,2
900,430,2
900,50,2
900,350,2
900,296,2
900,240,2
900,480,2
900,380,2
900,265,2
900,200,2
900,1850,2
900,503,2
900,136,2
900,290,2
900,255,2
900,267,2
900,230,2
900,250,2
900,220,2
900,400,2
900,298,2
900,70,2
900,370,2
920,240,2
950,654,2
950,620,2
950,342,2
950,305,2
950,320,2
950,330,2
950,288,2
950,491,2
950,365,2
950,342,2
950,273,2
950,338,2
950,235,2
950,430,2
950,340,2
950,300,2
950,490,2
950,180,2
960,300,2
975,360,2
980,230,2
980,200,2
990,260,2
1000,410,2
1000,680,2
1000,480,2
1000,254,2
1000,405,2
1000,100,2
1000,209,2
1000,300,2
1000,350,2
1000,300,2
1000,250,2
1000,800,2
1000,440,2
1000,450,2
1000,450,2
1000,405,2
1000,640,2
1000,250,2
1000,430,2
1000,280,2
1000,327,2
1000,150,2
1000,270,2
1000,240,2
1000,250,2
1000,300,2
1000,290,2
1000,400,2
1000,709,2
1000,341,2
1000,289,2
1000,225,2
1000,410,2
1000,230,2
1000,220,2
1000,215,2
1000,407,2
1000,225,2
1000,312,2
1000,300,2
1000,300,2
1000,350,2
1000,312,2
1000,185,2
1000,520,2
1000,750,2
1000,240,2
1000,460,2
1000,250,2
1000,160,2
1000,340,2
1000,360,2
1000,1,2
1000,290,2
1000,390,2
1000,637,2
1000,50,2
1050,480,2
1050,285,2
1050,300,2
1100,330,2
1100,350,2
1100,412,2
1100,290,2
1100,300,2
1100,1,2
1100,400,2
1100,470,2
1100,70,2
1100,555,2
1100,340,2
1100,120,2
1100,440,2
1100,300,2
1100,150,2
1100,350,2
1100,400,2
1100,290,2
1100,200,2
1100,290,2
1100,300,2
1100,210,2
1100,645,2
1100,355,2
1100,310,2
1100,270,2
1100,350,2
1100,345,2
1100,242,2
1100,313,2
1100,200,2
1100,280,2
1100,470,2
1100,280,2
1100,252,2
1100,200,2
1100,450,2
1100,315,2
1120,30,2
1150,480,2
1150,389,2
1150,100,2
1150,320,2
1150,100,2
1150,580,2
1150,350,2
1150,400,2
1150,250,2
1180,614,2
1190,258,2
1200,320,2
1200,602,2
1200,350,2
1200,390,2
1200,162,2
1200,617,2
1200,300,2
1200,245,2
1200,980,2
1200,780,2
1200,350,2
1200,256,2
1200,537,2
1200,496,2
1200,496,2
1200,300,2
1200,361,2
1200,300,2
1200,532,2
1200,600,2
1200,10,2
1200,50,2
1200,300,2
1200,750,2
1200,60,2
1200,100,2
1200,500,2
1200,200,2
1200,580,2
1200,200,2
1200,120,2
1200,600,2
1200,260,2
1200,300,2
1200,430,2
1200,300,2
1200,170,2
1200,160,2
1200,330,2
1200,451,2
1200,352,2
1200,276,2
1210,200,2
1225,125,2
1250,50,2
1250,495,2
1250,186,2
1250,290,2
1250,433,2
1260,340,2
1275,275,2
1300,228,2
1300,450,2
1300,100,2
1300,368,2
1300,770,2
1300,200,2
1300,511,2
1300,597,2
1300,200,2
1300,400,2
1300,200,2
1300,556,2
1300,470,2
1300,590,2
1300,372,2
1300,1,2
1300,430,2
1300,550,2
1300,300,2
1300,575,2
1300,300,2
1300,280,2
1300,626,2
1300,500,2
1300,800,2
1300,800,2
1300,900,2
1300,260,2
1300,300,2
1300,323,2
1300,656,2
1300,220,2
1317,649,2
1350,970,2
1350,410,2
1350,557,2
1350,270,2
1350,180,2
1350,622,2
1350,413,2
1350,312,2
1360,100,2
1365,291,2
1370,160,2
1390,770,2
1400,300,2
1400,597,2
1400,260,2
1400,613,2
1400,319,2
1400,600,2
1400,50,2
1400,900,2
1400,800,2
1400,612,2
1400,415,2
1400,400,2
1400,1,2
1400,430,2
1400,379,2
1400,550,2
1400,290,2
1400,480,2
1400,380,2
1400,602,2
1400,597,2
1400,420,2
1400,602,2
1400,300,2
1400,350,2
1400,520,2
1400,520,2
1400,520,2
1400,320,2
1400,320,2
1400,350,2
1400,650,2
1400,350,2
1400,350,2
1400,310,2
1400,650,2
1400,546,2
1400,570,2
1440,183,2
1450,300,2
1450,452,2
1450,420,2
1450,480,2
1450,470,2
1450,470,2
1450,340,2
1490,490,2
1500,859,2
1500,670,2
1500,140,2
1500,630,2
1500,650,2
1500,850,2
1500,450,2
1500,340,2
1500,550,2
1500,420,2
1500,754,2
1500,345,2
1500,612,2
1500,380,2
1500,550,2
1500,500,2
1500,220,2
1500,1500,2
1500,720,2
1500,668,2
1500,390,2
1500,231,2
1500,370,2
1500,615,2
1500,500,2
1500,270,2
1500,500,2
1500,844,2
1500,693,2
1500,1100,2
1500,450,2
1500,450,2
1500,498,2
1500,370,2
1500,10,2
1500,515,2
1500,750,2
1500,1000,2
1500,450,2
1500,550,2
1500,400,2
1500,220,2
1500,739,2
1500,818,2
1540,442,2
1550,320,2
1550,650,2
1550,470,2
1550,470,2
1550,1573,2
1568,728,2
1600,550,2
1600,902,2
1600,235,2
1600,470,2
1600,570,2
1600,480,2
1600,370,2
1600,750,2
1600,670,2
1600,540,2
1600,360,2
1600,696,2
1600,100,2
1600,235,2
1600,800,2
1600,800,2
1600,720,2
1600,371,2
1600,371,2
1600,280,2
1600,521,2
1600,370,2
1600,1,2
1600,980,2
1600,522,2
1600,522,2
1600,563,2
1650,250,2
1650,390,2
1650,700,2
1680,600,2
1700,750,2
1700,523,2
1700,350,2
1700,310,2
1700,513,2
1700,450,2
1700,380,2
1700,728,2
1700,365,2
1700,400,2
1700,1,2
1700,300,2
1700,250,2
1700,300,2
1700,300,2
1700,1,2
1700,425,2
1700,500,2
1700,790,2
1700,682,2
1700,320,2
1700,595,2
1700,410,2
1700,220,2
1700,450,2
1700,328,2
1700,450,2
1700,300,2
1730,100,2
1750,250,2
1750,1600,2
1750,400,2
1750,800,2
1800,400,2
1800,50,2
1800,280,2
1800,290,2
1800,657,2
1800,450,2
1800,1600,2
1800,480,2
1800,80,2
1800,650,2
1800,450,2
1800,690,2
1800,210,2
1800,617,2
1800,350,2
1800,85,2
1800,370,2
1800,576,2
1800,1,2
1800,695,2
1800,418,2
1800,450,2
1800,715,2
1800,550,2
1800,400,2
1800,779,2
1800,638,2
1800,516,2
1800,516,2
1800,450,2
1800,653,2
1800,310,2
1800,620,2
1800,877,2
1800,480,2
1800,380,2
1800,589,2
1800,650,2
1805,348,2
1850,546,2
1850,550,2
1850,546,2
1850,625,2
1860,360,2
1900,791,2
1900,367,2
1900,450,2
1900,787,2
1900,356,2
1900,917,2
1900,440,2
1900,405,2
1900,356,2
1900,350,2
1900,970,2
1900,787,2
1900,625,2
1900,800,2
1900,746,2
1900,420,2
1900,692,2
1900,692,2
1950,380,2
1980,835,2
2000,1300,2
2000,400,2
2000,780,2
2000,1150,2
2000,500,2
2000,500,2
2000,600,2
2000,570,2
2000,560,2
2000,1000,2
2000,640,2
2000,490,2
2000,500,2
2000,520,2
2000,180,2
2000,650,2
2000,810,2
2000,525,2
2000,560,2
2000,723,2
2000,5,2
2000,1300,2
2000,402,2
2000,1005,2
2100,605,2
2100,450,2
2100,570,2
2100,605,2
2100,1200,2
2100,462,2
2100,1000,2
2100,1461,2
2100,476,2
2100,800,2
2100,420,2
2100,420,2
2140,430,2
2200,730,2
2200,453,2
2200,642,2
2200,390,2
2200,535,2
2200,819,2
2200,380,2
2200,601,2
2200,550,2
2200,642,2
2200,370,2
2200,550,2
2200,115,2
2200,1000,2
2200,600,2
2200,170,2
2200,198,2
2200,308,2
2200,990,2
2200,450,2
2230,296,2
2249,220,2
2250,750,2
2250,1300,2
2268,200,2
2300,650,2
2300,535,2
2300,440,2
2300,800,2
2300,597,2
2300,434,2
2300,717,2
2300,550,2
2300,434,2
2300,900,2
2300,440,2
2300,350,2
2300,500,2
2300,535,2
2300,550,2
2300,350,2
2300,500,2
2300,438,2
2300,530,2
2300,530,2
2330,1121,2
2390,350,2
2400,650,2
2400,300,2
2400,700,2
2400,450,2
2400,280,2
2400,210,2
2400,1100,2
2400,722,2
2400,680,2
2400,750,2
2400,800,2
2400,650,2
2400,1250,2
2400,399,2
2400,1563,2
2400,560,2
2400,150,2
2400,600,2
2500,600,2
2500,1,2
2500,1273,2
2500,918,2
2500,988,2
2500,650,2
2500,456,2
2500,814,2
2500,600,2
2500,500,2
2500,490,2
2500,700,2
2500,650,2
2500,800,2
2500,490,2
2500,350,2
2500,680,2
2500,100,2
2500,600,2
2500,870,2
2500,460,2
2500,450,2
2500,580,2
2500,450,2
2500,850,2
2500,720,2
2500,460,2
2500,440,2
2500,670,2
2500,1760,2
2500,650,2
2500,625,2
2500,500,2
2500,550,2
2500,700,2
2500,406,2
2500,680,2
2500,800,2
2550,764,2
2574,343,2
2600,723,2
2600,470,2
2600,299,2
2600,900,2
2650,550,2
2650,800,2
2650,350,2
2650,790,2
2700,650,2
2700,600,2
2700,905,2
2700,654,2
2700,900,2
2700,175,2
2730,600,2
2780,739,2
2795,611,2
2800,850,2
2800,850,2
2800,800,2
2800,850,2
2800,850,2
2800,850,2
2800,850,2
2800,278,2
2800,720,2
2800,760,2
2800,600,2
2800,748,2
2800,850,2
2800,850,2
2800,850,2
2800,850,2
2800,1200,2
2800,500,2
2900,300,2
2900,590,2
2900,1700,2
2900,700,2
2900,1180,2
2900,1000,2
2900,700,2
2900,950,2
2900,950,2
2900,980,2
2910,710,2
2990,850,2
3000,2299,2
3000,570,2
3000,700,2
3000,521,2
3000,521,2
3000,500,2
3000,1165,2
3000,521,2
3000,650,2
3000,650,2
3000,1000,2
3000,660,2
3000,764,2
3000,1000,2
3000,600,2
3000,1100,2
3000,1450,2
3000,1000,2
3000,1250,2
3000,1250,2
3000,1014,2
3000,1450,2
3000,1182,2
3200,905,2
3200,600,2
3200,980,2
3200,600,2
3200,300,2
3200,871,2
3200,871,2
3200,1393,2
3200,55,2
3200,730,2
3200,760,2
3200,742,2
3200,1250,2
3200,849,2
3200,742,2
3200,1400,2
3200,950,2
3200,850,2
3200,600,2
3300,225,2
3400,1500,2
3500,925,2
3500,1290,2
3500,890,2
3500,860,2
3500,1174,2
3500,470,2
3500,650,2
3500,350,2
3500,1500,2
3500,580,2
3500,1900,2
3500,630,2
3500,900,2
3500,950,2
3500,580,2
3500,1900,2
3500,1300,2
3500,275,2
3500,1400,2
3600,460,2
3600,1480,2
3600,700,2
3800,790,2
3800,1952,2
3800,650,2
3850,768,2
3900,880,2
3900,285,2
3970,640,2
4000,260,2
4000,550,2
4000,540,2
4000,1100,2
4000,450,2
4000,1870,2
4000,2045,2
4000,400,2
4000,750,2
4000,3402,2
4000,1261,2
4000,2600,2
4000,709,2
4000,600,2
4000,1800,2
4100,780,2
4165,395,2
4165,395,2
4165,395,2
4200,390,2
4200,900,2
4300,700,2
4300,750,2
4300,380,2
4500,1670,2
4500,490,2
4500,650,2
4500,1000,2
4500,850,2
4590,721,2
4700,1350,2
4800,1650,2
4800,1452,2
4900,1250,2
4940,1,2
5000,800,2
5000,1000,2
5000,200,2
5000,415,2
5000,669,2
5000,650,2
5000,210,2
5000,1700,2
5000,70,2
5000,5,2
5000,1074,2
5000,2370,2
5000,2052,2
5000,1000,2
5200,764,2
5305,1100,2
5500,1603,2
5500,1450,2
5500,1500,2
5500,1000,2
5500,1849,2
5500,1318,2
5800,1200,2
5800,1200,2
6000,885,2
6000,380,2
6000,380,2
6000,900,2
6000,2459,2
6000,1290,2
6307,842,2
6500,2000,2
6500,400,2
6500,1700,2
6884,4000,2
7000,2100,2
7000,1090,2
7367,1157,2
7500,1951,2
7500,600,2
7500,2194,2
7500,2290,2
8000,6872,2
8000,1000,2
8000,1100,2
8000,100,2
8000,2000,2
8000,1270,2
8000,2521,2
8000,2000,2
8000,3787,2
8000,2593,2
8400,31,2
8500,3100,2
8500,1,2
8500,850,2
8500,2,2
9000,1650,2
9000,3700,2
9000,3700,2
9000,3556,2
9600,1062,2
9787,1537,2
9900,570,2
10000,1560,2
10000,180,2
10500,3325,2
11368,3488,2
12000,1700,2
12000,800,2
12000,260,2
12000,3783,2
12300,500,2
12800,3040,2
13050,5509,2
13800,2000,2
13800,4500,2
14000,2850,2
15000,1900,2
15000,4900,2
15000,279,2
15000,200,2
15000,1900,2
15000,4298,2
16000,130,2
16000,80,2
16385,7590,2
16833,7758,2
17000,60,2
17888,6240,2
17888,6240,2
17888,6240,2
18000,310,2
18000,280,2
19000,900,2
19574,6344,2
20000,1600,2
20000,7439,2
20000,302,2
20000,125,2
20000,2300,2
20000,950,2
20000,270,2
20000,4000,2
20000,60,2
22000,5900,2
22000,200,2
22000,258,2
25000,250,2
25000,185,2
25000,25000,2
25000,1400,2
25000,155,2
25000,325,2
25000,3100,2
25000,10802,2
25010,100,2
25200,6091,2
25250,245,2
26000,600,2
26000,198,2
26500,204,2
27000,2900,2
27600,5954,2
27600,5954,2
27600,5954,2
27600,5954,2
28000,200,2
28750,180,2
29000,240,2
29000,190,2
29900,360,2
30000,300,2
30000,5716,2
30000,2200,2
30000,92,2
30000,200,2
30000,200,2
30000,850,2
30000,70,2
30000,50,2
31003,5384,2
31003,5384,2
31003,5384,2
31003,5384,2
31003,5384,2
31003,5384,2
31003,5384,2
31003,5384,2
31599,5488,2
32500,248,2
33000,90,2
33792,6512,2
34000,160,2
34000,55,2
34000,448,2
35000,300,2
35000,180,2
35000,170,2
35000,35000,2
35000,1,2
35000,50,2
35000,100,2
35000,100,2
35000,1,2
35000,3000,2
35000,380,2
35000,1500,2
35000,300,2
35000,50,2
36000,60,2
37586,8252,2
38000,160,2
38000,50,2
38000,250,2
38000,70,2
38000,70,2
38000,216,2
39000,1720,2
39000,1720,2
40000,6810,2
40000,325,2
40000,180,2
40000,100,2
40000,182,2
40000,280,2
40000,192,2
40000,750,2
40000,930,2
40000,70,2
40000,130,2
40000,80,2
41000,50,2
41748,9423,2
41999,150,2
43000,40,2
44000,700,2
45000,130,2
45000,100,2
45000,250,2
45000,280,2
45000,200,2
45000,140,2
45000,150,2
45000,280,2
45000,80,2
45000,100,2
45000,45,2
45000,105,2
45000,100,2
48000,70,2
48000,10238,2
48000,150,2
49999,300,2
50000,325,2
50000,60,2
50000,65,2
50000,70,2
50000,250,2
50000,200,2
50000,290,2
50000,190,2
50000,200,2
50000,100,2
50000,100,2
50000,5000,2
50000,80,2
50000,250,2
50000,180,2
50000,130,2
50000,280,2
50000,255,2
50000,250,2
50000,130,2
50000,134,2
51156,10799,2
53000,70,2
53000,280,2
53289,120,2
55000,1,2
55000,60,2
55000,1500,2
55000,120,2
55000,160,2
55000,50,2
55000,40,2
55000,100,2
58000,240,2
58000,240,2
59000,145,2
60000,150,2
60000,325,2
60000,100,2
60000,100,2
60000,880,2
60000,160,2
60000,260,2
60000,260,2
60000,954,2
60000,160,2
60000,250,2
60000,450,2
60000,550,2
60000,97,2
60000,157,2
60000,50,2
60000,50,2
60000,210,2
60000,350,2
61000,195,2
62000,280,2
62550,13078,2
62736,11527,2
65000,278,2
65000,122,2
65000,150,2
65000,100,2
65000,80,2
65000,229,2
65000,135,2
65000,130,2
65000,1,2
65000,430,2
65000,300,2
65000,60,2
65000,1,2
65000,100,2
65000,68,2
66000,400,2
66423,13853,2
68000,191,2
68000,65,2
68000,120,2
69000,265,2
70000,293,2
70000,278,2
70000,1,2
70000,515,2
70000,120,2
70000,280,2
70000,2500,2
70000,80,2
70000,120,2
70000,3,2
70000,30,2
70000,60,2
70000,222,2
70000,100,2
70000,160,2
70000,222,2
70000,100,2
70000,130,2
70000,160,2
70000,90,2
70000,90,2
70000,220,2
70000,350,2
71000,352,2
71000,352,2
72000,85,2
72000,55,2
74900,215,2
75000,1,2
75000,400,2
75000,150,2
75000,954,2
75000,160,2
75000,160,2
75000,299,2
75000,580,2
75000,190,2
75000,105,2
75000,18,2
75000,30,2
75000,45,2
75000,215,2
75000,300,2
75000,130,2
76000,390,2
77000,150,2
77599,220,2
78000,140,2
78000,300,2
78000,30,2
78000,126,2
79000,94,2
79000,125,2
79500,190,2
80000,50,2
80000,130,2
80000,2700,2
80000,230,2
80000,360,2
80000,290,2
80000,200,2
80000,130,2
80000,830,2
80000,190,2
80000,150,2
80000,560,2
80000,115,2
80000,150,2
80000,65,2
80000,180,2
80000,8,2
80000,95,2
80000,130,2
80000,290,2
80000,8,2
80000,150,2
80000,350,2
80480,13080,2
82000,450,2
82000,1,2
82000,1,2
82000,60,2
82500,170,2
84900,147,2
85000,135,2
85000,200,2
85000,107,2
85000,80,2
85000,65,2
85000,93,2
85000,350,2
85000,100,2
85000,65,2
85000,1,2
85000,250,2
85000,170,2
85000,119,2
85000,70,2
85000,315,2
85000,10,2
85000,170,2
85000,195,2
85000,180,2
85000,90,2
85000,290,2
87000,100,2
88000,111111,2
89000,150,2
89000,255,2
90000,290,2
90000,85,2
90000,100,2
90000,270,2
90000,200,2
90000,220,2
90000,550,2
90000,230,2
90000,100,2
90000,80,2
90000,200,2
90000,100,2
90000,70,2
90000,107,2
90000,187,2
90000,290,2
90000,120,2
90000,195,2
90000,300,2
90000,30,2
90000,85,2
90000,70,2
90000,155,2
90000,150,2
90000,85,2
90000,150,2
90000,120,2
91000,170,2
91428,220,2
91920,1,2
92000,170,2
94900,380,2
94900,380,2
95000,250,2
95000,80,2
95000,200,2
95000,185,2
95000,100,2
95000,268,2
95000,127,2
95000,300,2
95000,45,2
95000,140,2
95000,115,2
95000,120,2
95000,100,2
95000,183,2
95000,218,2
95000,136,2
95000,380,2
96000,480,2
96058,220,2
97000,237,2
97000,14,2
97000,220,2
98000,45,2
98000,490,2
98000,310,2
98000,65,2
98000,118,2
98000,370,2
99000,160,2
99000,300,2
99000,921,2
99000,1260,2
100000,400,2
100000,170,2
100000,220,2
100000,185,2
100000,370,2
100000,420,2
100000,250,2
100000,117,2
100000,200,2
100000,560,2
100000,50,2
100000,200,2
100000,160,2
100000,190,2
100000,185,2
100000,130,2
100000,1,2
100000,111111,2
100000,250,2
100000,170,2
100000,50,2
100000,100,2
100000,100000,2
100000,250,2
100000,994,2
100000,50,2
100000,1,2
100000,100,2
100000,400,2
105000,160,2
105000,160,2
105000,250,2
105000,420,2
105000,155,2
105000,295,2
105000,325,2
105000,300,2
105000,230,2
105000,120,2
105000,180,2
105000,323,2
105000,200,2
106000,250,2
106000,250,2
109000,158,2
109000,200,2
110000,30,2
110000,100,2
110000,230,2
110000,210,2
110000,200,2
110000,190,2
110000,60,2
110000,320,2
110000,205,2
110000,150,2
110000,50,2
110000,50,2
110000,217,2
110000,100,2
110000,250,2
110000,145,2
110000,490,2
110000,103,2
110000,250,2
110000,95,2
110000,165,2
110000,205,2
110000,280,2
110000,179,2
110000,850,2
110000,350,2
110000,407,2
112000,313,2
112000,500,2
112500,25,2
114000,233,2
115000,360,2
115000,236,2
115000,100,2
115000,60,2
115000,150,2
115000,184,2
115000,450,2
115000,250,2
115000,473,2
115000,237,2
115000,369,2
115000,299,2
115000,125,2
115000,270,2
115000,254,2
115000,1,2
115000,280,2
116000,60,2
117000,205,2
118000,350,2
118000,280,2
120000,170,2
120000,205,2
120000,235,2
120000,200,2
120000,30,2
120000,50,2
120000,220,2
120000,120,2
120000,180,2
120000,50,2
120000,30,2
120000,235,2
120000,120000,2
120000,276,2
120000,330,2
120000,200,2
120000,250,2
120000,270,2
120000,72,2
120000,180,2
120000,188,2
120000,153,2
120000,245,2
120000,280,2
120000,200,2
120000,100,2
120000,145,2
120000,286,2
120000,250,2
120000,60,2
120000,250,2
120000,60,2
120000,210,2
120000,286,2
120000,250,2
120000,100,2
120000,50,2
120000,130,2
120000,230,2
122000,1,2
122000,160,2
124000,143,2
124000,250,2
125000,300,2
125000,130,2
125000,290,2
125000,190,2
125000,120,2
125000,80,2
125000,160,2
125000,60,2
125000,60,2
125000,250,2
125000,80,2
125000,80,2
125000,35,2
125000,230,2
125000,230,2
125000,250,2
125000,300,2
125000,60,2
125000,250,2
125000,280,2
125000,640,2
125000,167,2
125000,170,2
126000,217,2
127000,200,2
128000,275,2
128000,510,2
128000,300,2
129000,220,2
129000,225,2
129000,300,2
129000,300,2
129000,200,2
130000,330,2
130000,186,2
130000,200,2
130000,250,2
130000,223,2
130000,110,2
130000,150,2
130000,1,2
130000,390,2
130000,390,2
130000,200,2
130000,310,2
130000,200,2
130000,220,2
130000,125,2
130000,433,2
130000,250,2
130000,150,2
130000,201,2
130000,350,2
130000,200,2
130000,225,2
130000,300,2
130000,100,2
130000,150,2
130000,270,2
130000,80,2
130000,300,2
130000,240,2
130000,170,2
131620,100,2
133000,130,2
133000,190,2
134000,250,2
134000,250,2
135000,215,2
135000,100,2
135000,250,2
135000,200,2
135000,240,2
135000,180,2
135000,360,2
135000,310,2
135000,240,2
135000,190,2
135000,200,2
135000,190,2
135000,270,2
135000,215,2
135000,230,2
135000,80,2
135000,5,2
135000,123,2
135000,298,2
135000,280,2
136000,250,2
137000,230,2
137000,227,2
138000,280,2
138000,500,2
138000,108,2
138000,307,2
138000,180,2
139000,289,2
139000,468,2
139000,185,2
139000,68,2
139000,180,2
139000,240,2
139000,200,2
139900,240,2
139999,291,2
140000,460,2
140000,400,2
140000,110,2
140000,380,2
140000,400,2
140000,320,2
140000,430,2
140000,200,2
140000,300,2
140000,200,2
140000,180,2
140000,280,2
140000,250,2
140000,400,2
140000,343,2
140000,850,2
140000,1,2
140000,318,2
140000,400,2
140000,240,2
140000,100,2
140000,200,2
140000,270,2
140000,250,2
140000,380,2
140000,80,2
140000,290,2
140000,220,2
140000,200,2
140000,360,2
140000,50,2
140000,400,2
140000,102,2
140000,150,2
140000,150,2
140000,80,2
140000,90,2
140000,250,2
140200,259,2
142000,100,2
143000,200,2
143000,180,2
143000,50,2
144475,190,2
144475,180,2
144999,251,2
145000,233,2
145000,270,2
145000,450,2
145000,180,2
145000,170,2
145000,185,2
145000,450,2
145000,130,2
145000,248,2
145000,150,2
145000,353,2
145000,190,2
145000,360,2
145000,233,2
145000,500,2
145000,245,2
145000,150,2
145000,375,2
145000,202,2
145000,374,2
145000,230,2
147000,334,2
147000,1500,2
148000,55,2
148500,250,2
149000,290,2
149000,150,2
149000,274,2
149000,100,2
149000,150,2
149900,190,2
149900,130,2
149900,130,2
149900,200,2
149999,140,2
150000,280,2
150000,260,2
150000,192,2
150000,110,2
150000,150,2
150000,1,2
150000,250,2
150000,270,2
150000,277,2
150000,250,2
150000,380,2
150000,150,2
150000,200,2
150000,170,2
150000,180,2
150000,315,2
150000,120,2
150000,140,2
150000,225,2
150000,200,2
150000,175,2
150000,50,2
150000,304,2
150000,304,2
150000,150,2
150000,270,2
150000,30,2
150000,252,2
150000,340,2
150000,890,2
150000,300,2
150000,150,2
150000,280,2
150000,550,2
150000,150,2
150000,270,2
150000,80,2
150000,430,2
150000,100,2
150000,480,2
150000,246,2
150000,220,2
150000,283,2
150000,369,2
150000,110,2
150000,350,2
150000,301,2
150000,6,2
150000,230,2
150000,130,2
150000,60,2
150000,200,2
150000,195,2
150000,180,2
150000,235,2
150000,313,2
150000,400,2
150000,400,2
150000,180,2
150000,439,2
150000,330,2
151000,330,2
151990,200,2
152378,98,2
153000,252,2
153000,140,2
153000,50,2
153900,110,2
154745,175,2
154900,180,2
155000,370,2
155000,220,2
155000,830,2
155000,260,2
155000,280,2
155000,180,2
155000,210,2
155000,120,2
155000,296,2
155000,250,2
155000,190,2
155000,240,2
155000,190,2
155000,250,2
155000,320,2
155000,185,2
155000,150,2
155000,4,2
155000,318,2
155000,350,2
155000,380,2
155000,173,2
155000,210,2
155000,69,2
155000,245,2
156000,150,2
157000,540,2
157000,280,2
157000,250,2
157000,150,2
157000,215,2
157000,230,2
157000,365,2
157000,270,2
157500,160,2
158000,150,2
158000,150,2
158771,120,2
159000,150,2
159000,180,2
159000,180,2
159000,150,2
159000,100,2
159000,200,2
159000,370,2
159000,180,2
159000,200,2
159000,380,2
159000,200,2
159000,155,2
159000,390,2
159130,185,2
159800,220,2
159900,250,2
159950,300,2
160000,165,2
160000,445,2
160000,210,2
160000,400,2
160000,265,2
160000,300,2
160000,230,2
160000,220,2
160000,175,2
160000,150,2
160000,270,2
160000,230,2
160000,350,2
160000,91,2
160000,470,2
160000,200,2
160000,330,2
160000,300,2
160000,200,2
160000,100,2
160000,350,2
160000,150,2
160000,300,2
160000,180,2
160000,600,2
160000,365,2
160000,550,2
160000,345,2
160000,350,2
160000,300,2
160000,269,2
160000,160,2
160000,310,2
160000,362,2
160000,480,2
160000,306,2
160000,70,2
160000,530,2
160000,205,2
160000,160,2
160000,380,2
160000,300,2
160000,290,2
160000,315,2
160000,76,2
160000,146,2
160000,280,2
160000,150,2
160000,345,2
160000,186,2
160000,240,2
160000,250,2
160000,300,2
160310,603,2
162000,202,2
162000,250,2
162000,50,2
163000,230,2
164000,150,2
164000,220,2
164000,200,2
165000,105,2
165000,245,2
165000,150,2
165000,350,2
165000,130,2
165000,400,2
165000,230,2
165000,243,2
165000,287,2
165000,290,2
165000,141,2
165000,150,2
165000,30,2
165000,250,2
165000,153,2
165000,439,2
165000,410,2
165000,50,2
165000,200,2
165000,410,2
165000,200,2
165000,260,2
165000,300,2
165000,335,2
165000,210,2
165000,178,2
165000,265,2
165000,70,2
165000,365,2
165000,250,2
166000,480,2
166000,335,2
167000,345,2
168000,200,2
168000,350,2
168000,350,2
169000,285,2
169000,200,2
169000,60,2
169000,220,2
169000,160,2
169000,200,2
169000,290,2
169000,60,2
169900,130,2
169990,245,2
170000,250,2
170000,375,2
170000,288,2
170000,264,2
170000,470,2
170000,400,2
170000,215,2
170000,230,2
170000,357,2
170000,280,2
170000,370,2
170000,230,2
170000,100,2
170000,280,2
170000,220,2
170000,200,2
170000,600,2
170000,190,2
170000,300,2
170000,100,2
170000,250,2
170000,300,2
170000,395,2
170000,80,2
170000,200,2
170000,140,2
170000,230,2
170000,190,2
170000,435,2
170000,100,2
170000,113,2
170000,435,2
170000,315,2
170000,280,2
170000,330,2
170000,300,2
170000,171,2
170000,270,2
170000,200,2
170000,200,2
170000,290,2
170000,220,2
170000,185,2
170000,180,2
170000,290,2
170000,400,2
170000,600,2
170000,600,2
170000,337,2
170000,310,2
170000,230,2
170000,156,2
170000,280,2
170000,250,2
170000,160,2
173000,50,2
174000,200,2
174000,200,2
175000,280,2
175000,200,2
175000,230,2
175000,200,2
175000,140,2
175000,250,2
175000,280,2
175000,185,2
175000,450,2
175000,200,2
175000,230,2
175000,254,2
175000,470,2
175000,400,2
175000,130,2
175000,276,2
175000,190,2
175000,220,2
175000,235,2
175000,250,2
175000,25,2
175000,200,2
175000,410,2
175000,60,2
175000,300,2
175000,200,2
175000,250,2
175000,188,2
176000,120,2
176000,120,2
176000,160,2
176900,200,2
176900,200,2
178000,130,2
178000,590,2
178000,380,2
178600,230,2
179000,30,2
179000,250,2
179000,192,2
179000,250,2
179000,100,2
179000,70,2
179000,248,2
179900,250,2
179900,220,2
179900,165,2
179900,369,2
179900,320,2
179900,250,2
180000,290,2
180000,300,2
180000,120,2
180000,370,2
180000,10,2
180000,220,2
180000,140,2
180000,240,2
180000,18000,2
180000,380,2
180000,307,2
180000,120,2
180000,160,2
180000,280,2
180000,165,2
180000,255,2
180000,350,2
180000,289,2
180000,330,2
180000,130,2
180000,400,2
180000,280,2
180000,260,2
180000,100,2
180000,300,2
180000,190,2
180000,330,2
180000,450,2
180000,50,2
180000,325,2
180000,300,2
180000,230,2
180000,300,2
180000,270,2
180000,200,2
180000,150,2
180000,290,2
180000,250,2
180000,150,2
180000,209,2
180000,238,2
180000,220,2
180000,674,2
180000,300,2
180000,260,2
180000,444,2
180000,220,2
180000,500,2
180000,250,2
180000,370,2
180000,260,2
180000,204,2
180000,340,2
180000,130,2
180000,300,2
180000,205,2
180000,165,2
180000,296,2
180000,160,2
180000,170,2
180000,330,2
180000,270,2
180000,290,2
180000,280000,2
180000,701,2
180000,284,2
180000,700,2
180000,290,2
180000,279,2
182000,206,2
182000,220,2
183000,200,2
185000,280,2
185000,280,2
185000,425,2
185000,363,2
185000,550,2
185000,320,2
185000,320,2
185000,187,2
185000,220,2
185000,500,2
185000,290,2
185000,250,2
185000,270,2
185000,180,2
185000,480,2
185000,409,2
185000,300,2
185000,110,2
185000,445,2
185000,307,2
185000,260,2
185000,320,2
185000,380,2
185000,260,2
185000,190,2
185000,331,2
186000,205,2
186000,100,2
186000,290,2
186000,296,2
187000,220,2
187000,150,2
187000,300,2
188000,500,2
188000,250,2
188000,385,2
188000,500,2
188000,350,2
188000,320,2
188680,250,2
189000,370,2
189000,360,2
189000,491,2
189000,325,2
189000,215,2
189000,220,2
189000,500,2
189000,5,2
189000,30,2
189900,205,2
190000,470,2
190000,160,2
190000,250,2
190000,3,2
190000,500,2
190000,300,2
190000,200,2
190000,790,2
190000,390,2
190000,230,2
190000,420,2
190000,120,2
190000,450,2
190000,300,2
190000,264,2
190000,200,2
190000,600,2
190000,297,2
190000,280,2
190000,235,2
190000,560,2
190000,230,2
190000,180,2
190000,120,2
190000,390,2
190000,280,2
190000,280,2
190000,147,2
190000,317,2
190000,380,2
190000,300,2
190000,230,2
190000,260,2
190000,192,2
190000,100,2
190000,290,2
190000,140,2
190000,100,2
190000,267,2
190000,250,2
190000,190,2
190000,190,2
190000,290,2
190000,339,2
190000,275,2
190000,120,2
190000,1450,2
190000,380,2
190000,460,2
190000,225,2
190000,450,2
190000,240,2
190000,225,2
190000,360,2
190000,570,2
190000,290,2
190000,264,2
190000,247,2
190000,460,2
190000,200,2
190000,258,2
190900,152,2
192000,395,2
192000,300,2
192000,150,2
192000,50,2
194000,215,2
194000,550,2
194000,550,2
194015,100,2
195000,260,2
195000,300,2
195000,280,2
195000,300,2
195000,280,2
195000,230,2
195000,204,2
195000,500,2
195000,450,2
195000,100,2
195000,100,2
195000,280,2
195000,395,2
195000,260,2
195000,230,2
195000,230,2
195000,210,2
195000,250,2
195000,280,2
195000,215,2
195000,400,2
195000,210,2
195494,250,2
196000,170,2
196000,255,2
196000,170,2
196000,350,2
196900,230,2
197000,570,2
197000,314,2
197000,206,2
197900,200,2
197900,100,2
198000,220,2
198000,400,2
198000,200,2
198000,260,2
198000,172,2
199000,390,2
199000,180,2
199000,80,2
199000,310,2
199000,265,2
199000,345,2
199000,210,2
199000,100,2
199000,250,2
199000,280,2
199000,381,2
199000,200,2
199000,320,2
199000,300,2
199000,150,2
199800,230,2
199900,200,2
199900,100,2
199999,199,2
199999,290,2
200000,450,2
200000,370,2
200000,200,2
200000,290,2
200000,600,2
200000,400,2
200000,150,2
200000,140,2
200000,266,2
200000,400,2
200000,200,2
200000,310,2
200000,200,2
200000,295,2
200000,325,2
200000,150,2
200000,150,2
200000,270,2
200000,180,2
200000,200,2
200000,270,2
200000,300,2
200000,343,2
200000,260,2
200000,260,2
200000,380,2
200000,217,2
200000,217,2
200000,115,2
200000,350,2
200000,350,2
200000,355,2
200000,318,2
200000,405,2
200000,350,2
200000,250,2
200000,300,2
200000,300,2
200000,270,2
200000,150,2
200000,280,2
200000,370,2
200000,381,2
200000,525,2
200000,808,2
200000,300,2
200000,450,2
200000,300,2
200000,185,2
200000,369,2
200000,310,2
200000,324,2
200000,180,2
200000,445,2
200000,200,2
200000,200,2
200000,280,2
200000,200,2
200000,160,2
200340,200,2
201900,100,2
202000,150,2
202000,370,2
202000,520,2
202000,250,2
203000,225,2
205000,324,2
205000,90,2
205000,325,2
205000,220,2
205000,291,2
205000,150,2
205000,100,2
205000,30,2
205000,210,2
205000,220,2
205000,312,2
205000,230,2
205000,150,2
205000,205,2
205000,380,2
205000,150,2
205000,380,2
205000,220,2
205000,150,2
205009,230,2
207000,250,2
207000,220,2
208000,160,2
208131,256,2
209000,400,2
209000,250,2
210000,400,2
210000,450,2
210000,130,2
210000,180,2
210000,400,2
210000,350,2
210000,170,2
210000,125,2
210000,270,2
210000,187,2
210000,300,2
210000,350,2
210000,350,2
210000,290,2
210000,280,2
210000,150,2
210000,21300,2
210000,450,2
210000,80,2
210000,220,2
210000,327,2
210000,280,2
210000,500,2
210000,245,2
210000,290,2
210000,450,2
210000,458,2
210000,200,2
210000,300,2
210000,50,2
210000,70,2
210000,300,2
210000,200,2
210000,250,2
210000,210,2
210000,210,2
210000,340,2
210000,284,2
210000,4480,2
210000,310,2
210000,360,2
210000,270,2
210000,178,2
210000,265,2
210000,300,2
210000,384,2
210000,224,2
210000,250,2
210000,400,2
210000,326,2
210000,490,2
211000,286,2
212000,214,2
212000,280,2
212000,280,2
212000,90,2
212700,270,2
212766,600,2
213000,60,2
213000,630,2
213000,630,2
213000,307,2
215000,70,2
215000,310,2
215000,270,2
215000,1,2
215000,1,2
215000,250,2
215000,512,2
215000,300,2
215000,120,2
215000,368,2
215000,170,2
215000,300,2
215000,199,2
215000,120,2
215000,265,2
215000,1,2
215000,50,2
215000,160,2
215000,480,2
215000,356,2
215000,217,2
215000,230,2
215000,185,2
215000,400,2
215000,250,2
215000,1,2
215000,345,2
215000,350,2
215000,340,2
215000,280,2
215000,310,2
215000,50,2
215000,148,2
215000,370,2
215000,320,2
215000,330,2
215000,200,2
215000,260,2
215000,475,2
216900,413,2
218000,260,2
218000,299,2
218000,210,2
218000,48000,2
218000,212,2
218000,290,2
219000,490,2
219000,420,2
219107,350,2
219999,160,2
219999,259,2
219999,170,2
220000,600,2
220000,230,2
220000,308,2
220000,100,2
220000,80,2
220000,550,2
220000,180,2
220000,270,2
220000,15,2
220000,160,2
220000,300,2
220000,390,2
220000,570,2
220000,500,2
220000,1,2
220000,188,2
220000,430,2
220000,361,2
220000,100,2
220000,299,2
220000,400,2
220000,270,2
220000,407,2
220000,290,2
220000,400,2
220000,250,2
220000,100,2
220000,330,2
220000,200,2
220000,250,2
220000,340,2
220000,100,2
220000,168,2
220000,350,2
220000,260,2
220000,290,2
220000,215,2
220000,550,2
220000,220,2
220000,254,2
220000,500,2
220000,200,2
220000,312,2
220000,100,2
220000,500,2
220000,360,2
220000,180,2
220000,150,2
220000,480,2
220000,400,2
220000,380,2
220000,662,2
220000,503,2
220000,350,2
220000,400,2
220000,250,2
220000,236,2
220000,305,2
220000,280,2
220000,150,2
220000,450,2
220000,540,2
220000,480,2
220000,250,2
220000,310,2
220000,380,2
221700,330,2
222000,360,2
222000,210,2
222000,330,2
223000,330,2
223000,330,2
224000,220,2
224000,230,2
224000,800,2
224000,800,2
224900,313,2
225000,330,2
225000,300,2
225000,220,2
225000,300,2
225000,380,2
225000,220,2
225000,200,2
225000,452,2
225000,186,2
225000,330,2
225000,250,2
225000,230,2
225000,260,2
225000,130,2
225000,315,2
225000,180,2
225000,370,2
225000,270,2
225000,304,2
225000,175,2
225000,452,2
225000,309,2
225000,290,2
225000,260,2
225000,330,2
225000,400,2
225000,210,2
225000,178,2
225000,200,2
225000,320,2
225000,330,2
225000,200,2
225000,230,2
225000,130,2
225005,380,2
226368,380,2
227350,100,2
228000,358,2
228000,480,2
228000,100,2
229000,230,2
229000,270,2
229000,380,2
229000,150,2
229000,262,2
229000,465,2
229370,455,2
230000,540,2
230000,390,2
230000,320,2
230000,400,2
230000,300,2
230000,349,2
230000,310,2
230000,230,2
230000,379,2
230000,420,2
230000,530,2
230000,240,2
230000,320,2
230000,290,2
230000,50,2
230000,1,2
230000,1,2
230000,350,2
230000,220,2
230000,600,2
230000,450,2
230000,320,2
230000,390,2
230000,5000,2
230000,350,2
230000,310,2
230000,290,2
230000,406,2
230000,310,2
230000,300,2
230000,420,2
230000,250,2
230000,350,2
230000,250,2
230000,100,2
230000,50,2
230000,165,2
230000,500,2
230000,700,2
230000,350,2
230000,350,2
230000,50,2
230000,70,2
230000,235,2
230000,400,2
230000,200,2
230000,50,2
230000,260,2
230000,400,2
230000,125,2
230000,300,2
230000,320,2
230000,260,2
230000,350,2
230000,414,2
230000,272,2
230000,267,2
230000,480,2
230000,80,2
231000,220,2
232000,398,2
233000,300,2
234000,220,2
234000,250,2
234000,230,2
234000,500,2
234000,250000,2
235000,200,2
235000,313,2
235000,250,2
235000,380,2
235000,350,2
235000,320,2
235000,280,2
235000,400,2
235000,342,2
235000,530,2
235000,280,2
235000,334,2
235000,330,2
235000,230,2
235000,200,2
235000,360,2
235000,230,2
235000,300,2
235000,220,2
235000,500,2
235000,170,2
235000,218,2
235000,380,2
235000,340,2
235000,356,2
235000,200,2
235000,266,2
235900,850,2
236000,183,2
236000,250,2
237000,377,2
237037,300,2
237500,590,2
237700,330,2
238000,230,2
238000,270,2
238900,300,2
239000,300,2
239000,295,2
239000,250,2
239000,290,2
239000,280,2
239900,267,2
239900,252,2
239988,360,2
240000,300,2
240000,300,2
240000,1,2
240000,488,2
240000,128,2
240000,140,2
240000,315,2
240000,188,2
240000,450,2
240000,490,2
240000,270,2
240000,380,2
240000,452,2
240000,347,2
240000,500,2
240000,200,2
240000,320,2
240000,350,2
240000,260,2
240000,340,2
240000,250,2
240000,200,2
240000,298,2
240000,282,2
240000,350,2
240000,300,2
240000,1,2
240000,200,2
240000,270,2
240000,400,2
240000,400,2
240000,750,2
240000,265,2
240000,200,2
240000,450,2
240000,690,2
240000,340,2
240000,375,2
240000,330,2
240000,440,2
240000,218,2
240000,610,2
240000,300,2
240000,50,2
240000,300,2
240000,290,2
240000,250,2
240000,450,2
240000,190,2
240000,340,2
240000,130,2
240000,230,2
240000,270,2
240000,200,2
242520,579,2
243000,290,2
243000,420,2
244000,350,2
244000,200,2
244000,303,2
244000,250,2
245000,230,2
245000,404,2
245000,250,2
245000,322,2
245000,250,2
245000,390,2
245000,650,2
245000,150,2
245000,260,2
245000,345,2
245000,256,2
245000,436,2
245000,70,2
245000,300,2
245000,230,2
245000,345,2
245000,299,2
245000,326,2
245000,360,2
245000,340,2
245000,150,2
245000,490,2
245000,280,2
245000,350,2
245000,230,2
245000,230,2
245000,330,2
245000,400,2
245000,200,2
247000,354,2
247000,220,2
248000,600,2
248000,75,2
248000,250,2
249000,280,2
249000,600,2
249000,289,2
249000,320,2
249000,320,2
249000,530,2
249000,212,2
249000,600,2
249900,270,2
249999,200,2
250000,360,2
250000,215,2
250000,330,2
250000,330,2
250000,350,2
250000,250,2
250000,650,2
250000,340,2
250000,385,2
250000,293,2
250000,300,2
250000,413,2
250000,400,2
250000,380,2
250000,1700,2
250000,370,2
250000,700,2
250000,250,2
250000,280,2
250000,460,2
250000,400,2
250000,100,2
250000,280,2
250000,480,2
250000,450,2
250000,400,2
250000,330,2
250000,260,2
250000,400,2
250000,318,2
250000,360,2
250000,400,2
250000,300,2
250000,300,2
250000,650,2
250000,320,2
250000,120,2
250000,380,2
250000,350,2
250000,400,2
250000,380,2
250000,300,2
250000,220,2
250000,380,2
250000,500,2
250000,600,2
250000,330,2
250000,460,2
250000,295,2
250000,240,2
250000,254,2
250000,150,2
250000,200,2
250000,450,2
250000,150,2
250000,400,2
250000,505,2
250000,250,2
250000,450,2
250000,280,2
250000,280,2
250000,385,2
250000,512,2
250000,700,2
250000,450,2
250000,1,2
250000,150,2
250000,50,2
250000,350,2
250000,180,2
250000,180,2
250000,230,2
250000,308,2
250000,400,2
250000,250,2
250000,400,2
250000,650,2
250000,305,2
250000,130,2
250000,343,2
250000,580,2
250000,410,2
250000,540,2
250000,595,2
250000,350,2
251000,200,2
252000,250,2
253000,320,2
254000,300,2
254000,367,2
254950,290,2
255000,550,2
255000,270,2
255000,285,2
255000,650,2
255000,240,2
255000,360,2
255000,38500,2
255000,290,2
255000,300,2
255000,280,2
255000,465,2
255000,400,2
255000,260,2
255000,250,2
255000,340,2
255000,300,2
255000,375,2
255000,250,2
255000,130,2
255000,320,2
255000,350,2
255000,300,2
255000,300,2
255000,260,2
256000,470,2
256000,225,2
256000,350,2
256025,390,2
256900,341,2
257000,360,2
258000,600,2
259000,310,2
259000,100,2
259999,385,2
260000,500,2
260000,370,2
260000,236,2
260000,250,2
260000,400,2
260000,400,2
260000,340,2
260000,1,2
260000,370,2
260000,350,2
260000,270,2
260000,515,2
260000,380,2
260000,390,2
260000,400,2
260000,330,2
260000,310,2
260000,280,2
260000,200,2
260000,450,2
260000,214,2
260000,250,2
260000,240,2
260000,331,2
260000,250,2
260000,170,2
260000,400,2
260000,300,2
260000,400,2
260000,370,2
260000,471,2
260000,200,2
260000,85,2
260000,400,2
260000,1,2
260000,300,2
260000,260,2
260000,350,2
260000,230,2
260000,450,2
260000,270,2
260000,380,2
260000,450,2
260000,350,2
260000,380,2
260000,590,2
260000,250,2
260000,350,2
260000,286,2
260000,450,2
260000,341,2
260000,456,2
260000,300,2
260000,370,2
260000,412,2
260000,70,2
260000,191,2
260000,150,2
260000,370,2
260000,500,2
260000,270,2
260000,360,2
260000,150,2
260000,332,2
260000,280,2
260000,230,2
260000,170,2
264000,330,2
264000,313,2
265000,425,2
265000,340,2
265000,4830,2
265000,100,2
265000,500,2
265000,544,2
265000,262,2
265000,460,2
265000,440,2
265000,400,2
265000,331,2
265000,420,2
265000,335,2
265000,240,2
265000,350,2
265000,262,2
265000,250,2
265000,100,2
265000,375,2
265000,250,2
265000,287,2
265000,320,2
265000,300,2
265000,450,2
265000,385,2
265000,290,2
265000,80,2
265000,280,2
265000,480,2
265000,570,2
265000,214,2
265000,560,2
265000,294,2
265000,315,2
265000,265,2
265000,499,2
268000,465,2
268000,260,2
268000,330,2
268000,402,2
268000,352,2
268000,230,2
268000,170,2
268480,400,2
268900,215,2
268900,215,2
269000,268,2
269000,350,2
269900,400,2
270000,432,2
270000,450,2
270000,220,2
270000,290,2
270000,580,2
270000,360,2
270000,390,2
270000,370,2
270000,285,2
270000,500,2
270000,162,2
270000,345,2
270000,310,2
270000,348,2
270000,480,2
270000,450,2
270000,600,2
270000,380,2
270000,454,2
270000,306,2
270000,330,2
270000,540,2
270000,370,2
270000,400,2
270000,358,2
270000,650,2
270000,282,2
270000,380,2
270000,280,2
270000,280,2
270000,390,2
270000,1650,2
270000,400,2
270000,440,2
270000,200,2
270000,325,2
270000,450,2
270000,480,2
270000,650,2
270000,400,2
270000,250,2
270000,62,2
270000,428,2
270000,380,2
270000,310,2
270000,400,2
270000,828,2
270000,300,2
270000,250,2
270000,550,2
270000,260,2
270000,320,2
272000,500,2
272000,300,2
273000,550,2
274000,316,2
275000,500,2
275000,430,2
275000,490,2
275000,480,2
275000,360,2
275000,330,2
275000,250,2
275000,350,2
275000,550,2
275000,350,2
275000,252,2
275000,350,2
275000,290,2
275000,250,2
275000,680,2
275000,340,2
275000,250,2
275000,450,2
275000,400,2
275000,360,2
275000,330,2
275000,400,2
275000,300,2
275000,430,2
275000,250,2
275000,544,2
275000,262,2
275000,380,2
275000,267,2
275000,320,2
275600,390,2
276000,201,2
276013,290,2
277000,320,2
278000,640,2
278000,370,2
279000,305,2
279000,450,2
279000,310,2
279000,320,2
279000,380,2
279000,360,2
279000,280,2
279000,450,2
279000,400,2
279000,70,2
279235,350,2
280000,540,2
280000,430,2
280000,340,2
280000,500,2
280000,380,2
280000,177,2
280000,600,2
280000,550,2
280000,390,2
280000,390,2
280000,380,2
280000,630,2
280000,309,2
280000,410,2
280000,543,2
280000,408,2
280000,150,2
280000,330,2
280000,280,2
280000,255,2
280000,400,2
280000,400,2
280000,450,2
280000,400,2
280000,570,2
280000,430,2
280000,440,2
280000,450,2
280000,642,2
280000,620,2
280000,363,2
280000,250,2
280000,450,2
280000,282,2
280000,380,2
280000,400,2
280000,260,2
280000,330,2
280000,413,2
280000,280,2
280000,480,2
280000,800,2
280000,620,2
280000,500,2
280000,80,2
280000,450,2
280000,380,2
280000,450,2
280000,330,2
280000,290,2
280000,360,2
280000,50,2
280000,50,2
280000,300,2
280000,350,2
280000,330,2
280000,540,2
280000,240,2
280000,460,2
280000,642,2
280000,435,2
280000,341,2
280000,320,2
280000,350,2
280000,180,2
280000,300,2
280000,420,2
280000,390,2
280000,350,2
280000,420,2
280000,50,2
280000,250,2
280000,250,2
280000,220,2
280000,420,2
283950,393,2
283950,393,2
284000,385,2
284000,320,2
285000,310,2
285000,500,2
285000,404,2
285000,310,2
285000,380,2
285000,480,2
285000,275,2
285000,400,2
285000,100,2
285000,198,2
285000,342,2
285000,477,2
285000,411,2
285000,250,2
285000,340,2
285000,386,2
285000,370,2
285000,400,2
286000,400,2
286000,390,2
287000,215,2
287000,350,2
287000,117,2
288000,225,2
288000,450,2
288166,350,2
289000,525,2
289000,160,2
289000,235,2
289900,719,2
290000,375,2
290000,540,2
290000,350,2
290000,350,2
290000,350,2
290000,345,2
290000,320,2
290000,570,2
290000,440,2
290000,371,2
290000,1,2
290000,1,2
290000,530,2
290000,4000,2
290000,400,2
290000,350,2
290000,350,2
290000,450,2
290000,400,2
290000,387,2
290000,460,2
290000,400,2
290000,360,2
290000,680,2
290000,480,2
290000,618,2
290000,450,2
290000,500,2
290000,380,2
290000,310,2
290000,600,2
290000,167,2
290000,360,2
290000,460,2
290000,190,2
290000,458,2
290000,180,2
290000,320,2
290000,220,2
290000,290,2
290000,850,2
290000,420,2
290000,370,2
290000,384,2
290000,650,2
290000,380,2
290000,271,2
290000,474,2
290000,390,2
290000,400,2
290000,330,2
290000,305,2
290000,280,2
294495,300,2
295000,350,2
295000,210,2
295000,400,2
295000,350,2
295000,425,2
295000,330,2
295000,450,2
295000,250,2
295000,380,2
295000,205,2
295000,300,2
295000,450,2
295000,390,2
295000,370,2
295000,350,2
295000,300,2
295000,220,2
295000,220,2
295000,299,2
295000,340,2
295000,450,2
295000,400,2
295000,280,2
295000,430,2
295000,300,2
296000,330,2
296000,408,2
296595,485,2
297000,536,2
297000,300,2
297000,302,2
297000,620,2
297000,380,2
298000,460,2
298000,350,2
298000,310,2
298000,330,2
298000,330,2
298000,512,2
298000,378,2
298000,333,2
298000,400,2
298700,175,2
299000,512,2
299000,400,2
299000,220,2
299000,350,2
299000,350,2
299000,380,2
299000,600,2
299000,300,2
299000,270,2
299000,200,2
299000,324,2
299900,574,2
299900,490,2
299999,320,2
300000,320,2
300000,320,2
300000,320,2
300000,450,2
300000,300,2
300000,2,2
300000,450,2
300000,350,2
300000,479,2
300000,320,2
300000,350,2
300000,1,2
300000,340,2
300000,350,2
300000,383,2
300000,409,2
300000,700,2
300000,270,2
300000,300,2
300000,350,2
300000,250,2
300000,510,2
300000,223,2
300000,390,2
300000,400,2
300000,860,2
300000,250,2
300000,300,2
300000,350,2
300000,300,2
300000,150,2
300000,350,2
300000,350,2
300000,400,2
300000,590,2
300000,480,2
300000,360,2
300000,615,2
300000,510,2
300000,480,2
300000,300,2
300000,250,2
300000,550,2
300000,650,2
300000,400,2
300000,320,2
300000,403,2
300000,680,2
300000,340,2
300000,250,2
300000,303,2
300000,1,2
300000,30,2
300000,650,2
300000,250,2
300000,530,2
300000,484,2
300000,350,2
300000,500,2
301000,400,2
301000,400,2
303000,250,2
303000,350,2
303000,380,2
304000,650,2
305000,450,2
305000,500,2
305000,360,2
305000,370,2
305000,260,2
305243,450,2
305939,100,2
306000,283,2
307000,300,2
307000,380,2
307000,380,2
307400,500,2
309000,360,2
309000,520,2
309000,520,2
309000,399,2
309010,450,2
309900,380,2
310000,520,2
310000,750,2
310000,499,2
310000,200,2
310000,180,2
310000,300,2
310000,1,2
310000,450,2
310000,360,2
310000,280,2
310000,550,2
310000,1515,2
310000,350,2
310000,900,2
310000,430,2
310000,550,2
310000,509,2
310000,430,2
310000,387,2
310000,700,2
310000,520,2
310000,400,2
310000,460,2
310000,500,2
310000,340,2
310000,558,2
310000,300,2
310000,470,2
310000,165,2
310000,305,2
310000,500,2
310000,400,2
310000,410,2
310000,359,2
310000,450,2
310000,444,2
310000,204,2
310000,100,2
310000,200,2
310000,420,2
310300,352,2
311000,400,2
313000,510,2
314484,380,2
315000,504,2
315000,495,2
315000,210,2
315000,350,2
315000,400,2
315000,385,2
315000,504,2
315000,495,2
315000,660,2
315000,180,2
315000,442,2
315000,270,2
315000,295,2
315000,295,2
315000,365,2
315000,850,2
315000,390,2
315000,312,2
315000,239,2
315000,380,2
316000,400,2
318000,480,2
318000,372,2
318000,450,2
318000,260,2
318000,400,2
318000,400,2
318000,320,2
319000,480,2
319000,460,2
319000,435,2
319000,520,2
319000,368,2
319000,425,2
319999,427,2
320000,150,2
320000,320,2
320000,290,2
320000,660,2
320000,6000,2
320000,373,2
320000,800,2
320000,290,2
320000,373,2
320000,150,2
320000,280,2
320000,350,2
320000,320,2
320000,670,2
320000,311,2
320000,535,2
320000,385,2
320000,350,2
320000,150,2
320000,238,2
320000,410,2
320000,290,2
320000,398,2
320000,350,2
320000,380,2
320000,500,2
320000,350,2
320000,495,2
320000,475,2
320000,450,2
320000,500,2
320000,373,2
320000,278,2
320000,450,2
320000,178,2
320000,317,2
320000,700,2
320000,300,2
320000,680,2
320000,950,2
320000,373,2
320000,450,2
320000,350,2
320000,495,2
320000,350,2
320000,300,2
320000,850,2
320000,540,2
320000,715,2
320000,400,2
320000,550,2
320000,350,2
320000,1,2
320000,450,2
320000,335,2
320000,480,2
320000,500,2
320000,450,2
320000,430,2
320000,490,2
320000,240,2
320000,176,2
320000,570,2
320000,380,2
320000,150,2
320000,400,2
320000,900,2
320000,750,2
320000,600,2
320000,290,2
320000,430,2
320000,470,2
320000,341,2
320000,520,2
320000,400,2
320000,1272,2
320000,340,2
320000,420,2
321000,450,2
323000,200,2
324500,358,2
324900,334,2
325000,350,2
325000,325,2
325000,70,2
325000,420,2
325000,516,2
325000,380,2
325000,70,2
325000,400,2
325000,280,2
325000,820,2
325000,442,2
325000,327,2
325000,70,2
325000,1150,2
327000,400,2
327000,180,2
328600,394,2
329000,180,2
329000,368,2
329900,580,2
330000,380,2
330000,350,2
330000,250,2
330000,608,2
330000,350,2
330000,300,2
330000,433,2
330000,400,2
330000,700,2
330000,350,2
330000,405,2
330000,260,2
330000,400,2
330000,390,2
330000,494,2
330000,527,2
330000,870,2
330000,380,2
330000,352,2
330000,560,2
330000,470,2
330000,330,2
330000,590,2
330000,400,2
330000,500,2
330000,400,2
330000,350,2
330000,284,2
330000,480,2
330000,460,2
330000,309,2
330000,520,2
330000,390,2
330000,400,2
330000,480,2
330000,481,2
330000,300,2
330000,350,2
330000,700,2
330000,544,2
330000,320,2
330000,350,2
330000,230,2
330000,600,2
330000,250,2
330000,160,2
330000,490,2
330000,495,2
330000,454,2
330000,380,2
330000,800,2
330000,350,2
332000,515,2
332000,400,2
332000,70,2
333000,400,2
334000,380,2
334000,200,2
335000,504,2
335000,650,2
335000,430,2
335000,504,2
335000,685,2
335000,490,2
335000,504,2
335000,450,2
335000,670,2
335000,650,2
335000,400,2
335000,450,2
335000,390,2
338000,372,2
338000,180,2
338000,300,2
339000,250,2
339000,900,2
340000,260,2
340000,435,2
340000,600,2
340000,320,2
340000,235,2
340000,600,2
340000,330,2
340000,850,2
340000,600,2
340000,600,2
340000,383,2
340000,350,2
340000,300,2
340000,262,2
340000,400,2
340000,330,2
340000,285,2
340000,400,2
340000,420,2
340000,250,2
340000,400,2
340000,440,2
340000,230,2
340000,120,2
340000,318,2
340000,520,2
340000,450,2
340000,350,2
340000,425,2
340000,430,2
340000,400,2
340000,80,2
340000,385,2
340000,250,2
340000,1170,2
340000,589,2
340000,485,2
340000,250,2
340000,470,2
340000,425,2
340000,1000,2
340000,390,2
340000,450,2
340000,470,2
340000,500,2
342000,600,2
342000,380,2
345000,400,2
345000,400,2
345000,350,2
345000,390,2
345000,200,2
345000,367,2
345200,400,2
345200,400,2
346200,969,2
348000,180,2
348859,360,2
349000,571,2
349000,307,2
349000,280,2
349000,450,2
350000,693,2
350000,550,2
350000,450,2
350000,649,2
350000,540,2
350000,280,2
350000,550,2
350000,350,2
350000,380,2
350000,400,2
350000,520,2
350000,430,2
350000,460,2
350000,600,2
350000,420,2
350000,375,2
350000,552,2
350000,425,2
350000,500,2
350000,525,2
350000,250,2
350000,1200,2
350000,584,2
350000,640,2
350000,1000,2
350000,540,2
350000,157,2
350000,500,2
350000,650,2
350000,650,2
350000,375,2
350000,580,2
350000,400,2
350000,210,2
350000,300,2
350000,492,2
350000,320,2
350000,450,2
350000,506,2
350000,300,2
350000,656,2
350000,638,2
350000,430,2
350000,800,2
350000,300,2
350000,316,2
350000,125,2
350000,110,2
350000,420,2
350000,650,2
350000,900,2
350000,190,2
350000,340,2
350000,420,2
350000,273,2
350000,500,2
350000,400,2
350000,600,2
350000,100,2
350000,578,2
350000,450,2
350000,390,2
350000,440,2
350000,368,2
350000,231,2
350000,537,2
350000,600,2
350000,260,2
350000,480,2
350000,380,2
350000,370,2
350000,500,2
350000,300,2
350000,770,2
350000,650,2
350000,440,2
350000,450,2
350000,415,2
350000,160,2
350000,400,2
350000,820,2
351000,546,2
353000,400,2
354000,360,2
354000,700,2
354264,342,2
355000,600,2
355000,220,2
355000,550,2
355000,575,2
355000,150,2
356000,487,2
357000,530,2
357000,190,2
357338,342,2
359900,415,2
360000,300,2
360000,260,2
360000,350,2
360000,400,2
360000,535,2
360000,350,2
360000,386,2
360000,64700,2
360000,250,2
360000,300,2
360000,790,2
360000,360,2
360000,600,2
360000,600,2
360000,400,2
360000,450,2
360000,350,2
360000,400,2
360000,510,2
360000,500,2
360000,350,2
360000,389,2
360000,516,2
360000,48249,2
360000,400,2
360000,260,2
360000,500,2
360000,400,2
360000,390,2
360000,540,2
360000,330,2
360000,300,2
360000,600,2
360000,618,2
360000,712,2
360000,1,2
360000,240,2
360000,480,2
360000,640,2
360000,300,2
360000,630,2
360000,473,2
360000,160,2
360000,350,2
360400,420,2
363823,200,2
364000,700,2
365000,150,2
365000,500,2
365000,645,2
365000,600,2
365000,450,2
365000,490,2
365000,555,2
365000,150,2
365000,350,2
365000,590,2
365000,360,2
365000,350,2
368000,250,2
369000,476,2
369000,300,2
369000,640,2
370000,337,2
370000,600,2
370000,500,2
370000,145,2
370000,420,2
370000,150,2
370000,450,2
370000,413,2
370000,367,2
370000,933,2
370000,300,2
370000,350,2
370000,520,2
370000,680,2
370000,680,2
370000,680,2
370000,415,2
370000,399,2
370000,500,2
370000,525,2
370000,350,2
370000,670,2
370000,608,2
370000,300,2
370000,460,2
370000,800,2
370000,876,2
370000,600,2
370000,550,2
370000,424,2
370000,390,2
370000,400,2
370000,325,2
370000,600,2
370000,563,2
370000,449,2
370000,750,2
371000,626,2
371000,482,2
371316,497,2
372000,353,2
372000,260,2
372500,514,2
373000,566,2
373000,150,2
373000,647,2
374000,240,2
374000,480,2
375000,390,2
375000,300,2
375000,500,2
375000,350,2
375000,205,2
375000,90,2
375000,758,2
375000,522,2
375000,245,2
375000,640,2
375000,680,2
375000,260,2
375000,390,2
375000,438,2
375000,550,2
375000,350,2
375000,350,2
375000,649,2
375000,460,2
375000,450,2
378000,560,2
378000,112,2
379000,400,2
379000,520,2
379000,597,2
379000,415,2
379000,300,2
379000,506,2
379000,350,2
379000,430,2
379990,550,2
379999,750,2
379999,450,2
380000,607,2
380000,650,2
380000,655,2
380000,90,2
380000,424,2
380000,380,2
380000,376,2
380000,300,2
380000,620,2
380000,700,2
380000,350,2
380000,580,2
380000,380,2
380000,400,2
380000,170,2
380000,500,2
380000,550,2
380000,890,2
380000,390,2
380000,330,2
380000,600,2
380000,180,2
380000,420,2
380000,6000,2
380000,670,2
380000,380,2
380000,508,2
380000,412,2
380000,630,2
380000,616,2
380000,340,2
380000,550,2
380000,480,2
380000,370,2
380000,545,2
380000,270,2
380000,680,2
380000,300,2
380000,250,2
380000,367,2
380000,310,2
380000,530,2
380000,400,2
380000,450,2
380000,450,2
380000,650,2
380000,600,2
380000,580,2
380000,390,2
380000,250,2
380000,550,2
380000,440,2
380028,550,2
382000,330,2
382000,210,2
384000,340,2
385000,650,2
385000,550,2
385000,500,2
385000,650,2
385000,1,2
385000,590,2
385000,363,2
385000,400,2
385000,550,2
385000,500,2
387000,115,2
387000,526,2
389300,370,2
390000,500,2
390000,470,2
390000,700,2
390000,500,2
390000,590,2
390000,800,2
390000,1700,2
390000,247,2
390000,200,2
390000,522,2
390000,680,2
390000,290,2
390000,726,2
390000,625,2
390000,480,2
390000,740,2
390000,800,2
390000,120,2
390000,538,2
390000,350,2
390000,750,2
390000,200,2
390000,1,2
390000,421,2
390000,480,2
390000,280,2
390000,600,2
390000,427,2
390000,870,2
390000,713,2
390000,450,2
393000,300,2
393944,482,2
395000,420,2
395000,325,2
395000,450,2
395000,380,2
395000,600,2
395000,500,2
395000,300,2
395000,760,2
395000,300,2
395000,350,2
395000,280,2
395000,180,2
395000,384,2
395000,250,2
395000,325,2
395000,450,2
395000,400,2
395000,700,2
395000,680,2
397000,350,2
397500,550,2
398000,1356,2
398000,600,2
398000,600,2
398000,727,2
399000,335,2
399000,330,2
399000,450,2
399000,450,2
399000,500,2
399900,700,2
399999,430,2
400000,500,2
400000,410,2
400000,260,2
400000,450,2
400000,420,2
400000,400,2
400000,100,2
400000,670,2
400000,350,2
400000,370,2
400000,280,2
400000,210,2
400000,600,2
400000,700,2
400000,400,2
400000,160,2
400000,300,2
400000,480,2
400000,300,2
400000,350,2
400000,150,2
400000,418,2
400000,860,2
400000,1700,2
400000,300,2
400000,400,2
400000,506,2
400000,280,2
400000,400,2
400000,325,2
400000,450,2
400000,497,2
400000,680,2
400000,350,2
400000,350,2
400000,400,2
400000,350,2
400000,580,2
400000,180,2
400000,170,2
402000,430,2
403000,660,2
405000,600,2
405000,400,2
405000,550,2
405000,1,2
405000,500,2
409000,90,2
409800,485,2
410000,629,2
410000,430,2
410000,500,2
410000,158,2
410000,380,2
410000,300,2
410000,760,2
410000,400,2
410000,750,2
410000,480,2
410000,316,2
410000,500,2
410000,600,2
410000,500,2
410000,578,2
410000,280,2
410000,330,2
410000,569,2
410000,490,2
410000,390,2
410000,900,2
410000,400,2
410000,460,2
410000,500,2
410000,548,2
410000,420,2
410000,320,2
411300,397,2
415000,550,2
415000,550,2
415000,550,2
415000,550,2
415000,400,2
415000,740,2
415000,550,2
415000,500,2
415000,550,2
415000,488,2
415000,550,2
415000,590,2
415000,750,2
415000,310,2
415000,160,2
415000,490,2
416000,370,2
417000,460,2
418000,296,2
418000,580,2
419000,275,2
419000,280,2
419000,420,2
420000,350,2
420000,250,2
420000,360,2
420000,800,2
420000,700,2
420000,590,2
420000,380,2
420000,580,2
420000,815,2
420000,50,2
420000,500,2
420000,480,2
420000,260,2
420000,460,2
420000,150,2
420000,120,2
420000,200,2
420000,420,2
420000,450,2
420000,530,2
420000,520,2
420000,740,2
420000,833,2
420000,490,2
420000,680,2
420000,525,2
420000,350,2
420000,112,2
420000,112,2
420000,1200,2
420000,400,2
421500,428,2
423400,530,2
424000,380,2
424000,450,2
425000,740,2
425000,466,2
425000,550,2
425000,500,2
425000,420,2
425000,342,2
425000,180,2
425000,600,2
425000,750,2
425000,360,2
425000,320,2
426000,430,2
429000,870,2
429000,330,2
429000,500,2
429500,250,2
430000,520,2
430000,450,2
430000,380,2
430000,760,2
430000,600,2
430000,544,2
430000,510,2
430000,480,2
430000,600,2
430000,415,2
430000,511,2
430000,430,2
430000,600,2
430000,650,2
430000,750,2
430000,330,2
430000,380,2
430000,150,2
430000,600,2
430000,600,2
430000,566,2
430000,350,2
430000,170,2
430000,460,2
430000,300,2
430000,420,2
430000,500,2
430000,1050,2
430000,335,2
430000,410,2
430000,450,2
430000,500,2
430000,500,2
430000,510,2
430000,650,2
430000,580,2
430000,400,2
430000,320,2
430000,450,2
430000,350,2
430000,377,2
435000,420,2
435000,693,2
436000,200,2
437000,260,2
437000,558,2
438000,369,2
439000,490,2
440000,578,2
440000,450,2
440000,330,2
440000,550,2
440000,505,2
440000,500,2
440000,550,2
440000,650,2
440000,613,2
440000,520,2
440000,849,2
440000,220,2
440000,680,2
440000,1200,2
440000,700,2
440000,390,2
440000,437,2
440000,690,2
440000,453,2
440000,680,2
440000,595,2
441076,500,2
445000,470,2
445000,440,2
445000,350,2
445000,605,2
445000,380,2
445000,1150,2
445000,730,2
445000,530,2
445000,360,2
446000,130,2
447000,690,2
448000,210,2
448000,414,2
448560,400,2
449000,498,2
449000,450,2
449000,180,2
449000,670,2
449000,380,2
449025,490,2
450000,870,2
450000,780,2
450000,950,2
450000,200,2
450000,550,2
450000,600,2
450000,300,2
450000,500,2
450000,500,2
450000,385,2
450000,350,2
450000,420,2
450000,982,2
450000,450,2
450000,460,2
450000,650,2
450000,255,2
450000,600,2
450000,600,2
450000,400,2
450000,760,2
450000,1000,2
450000,435,2
450000,450,2
450000,950,2
450000,1500,2
450000,1,2
450000,708,2
450000,680,2
450000,230,2
450000,930,2
450000,370,2
450000,432,2
450000,550,2
450000,620,2
450000,700,2
450000,178,2
450000,648,2
450000,410,2
450000,171,2
450000,500,2
450000,460,2
450000,779,2
450000,700,2
450000,295,2
450000,400,2
450000,650,2
450000,180,2
450000,530,2
450000,390,2
450000,800,2
450000,598,2
450000,270,2
450000,460,2
450000,380,2
450000,1056,2
450000,670,2
450000,600,2
450000,215,2
452790,536,2
455000,500,2
455800,598,2
457000,560,2
458000,305,2
458000,430,2
459000,400,2
460000,286,2
460000,150,2
460000,400,2
460000,360,2
460000,380,2
460000,800,2
460000,700,2
460000,600,2
460000,530,2
460000,450,2
460000,550,2
460000,564,2
460000,1000,2
460000,750,2
460000,458,2
460000,900,2
460000,550,2
460000,497,2
460000,500,2
460000,663,2
460000,550,2
460000,350,2
460000,330,2
460000,480,2
465000,480,2
465000,550,2
465000,1100,2
465000,409,2
465000,643,2
469000,100,2
470000,500,2
470000,350,2
470000,420,2
470000,550,2
470000,700,2
470000,390,2
470000,750,2
470000,500,2
470000,600,2
470000,250,2
470000,460,2
470000,600,2
470000,370,2
470000,560,2
470000,250,2
470000,730,2
470000,450,2
470000,600,2
470031,850,2
472360,425,2
474900,208,2
475000,320,2
475000,450,2
475000,985,2
475000,478,2
475000,220,2
475000,390,2
477000,850,2
477000,450,2
479000,650,2
479800,720,2
479900,550,2
480000,170,2
480000,500,2
480000,185,2
480000,370,2
480000,650,2
480000,950,2
480000,185,2
480000,450,2
480000,540,2
480000,320,2
480000,400,2
480000,98,2
480000,390,2
480000,987,2
480000,380,2
480000,400,2
480000,112,2
480000,760,2
480000,450,2
480000,120,2
480000,170,2
480000,410,2
480000,247,2
480000,800,2
480000,330,2
480000,807,2
480000,380,2
480000,460,2
480000,250,2
480000,60,2
480000,456,2
480000,595,2
480000,850,2
480000,350,2
480000,350,2
480000,500,2
480000,400,2
480000,350,2
480000,650,2
480000,500,2
480000,1,2
480000,336,2
480000,200,2
480000,538,2
480000,430,2
480000,820,2
480000,200,2
483500,500,2
485000,655,2
485000,160,2
485000,370,2
485000,490,2
485000,200,2
485000,170,2
487000,335,2
487000,170,2
487650,1,2
487800,900,2
488000,670,2
489000,570,2
489000,170,2
489000,230,2
490000,700,2
490000,800,2
490000,720,2
490000,230,2
490000,500,2
490000,320,2
490000,870,2
490000,263,2
490000,380,2
490000,530,2
490000,960,2
490000,350,2
490000,500,2
490000,200,2
490000,550,2
490000,100,2
490000,890,2
490000,520,2
490000,170,2
490000,450,2
493000,499,2
494100,550,2
495000,380,2
495000,400,2
495000,1300,2
495000,400,2
495000,1270,2
495000,185,2
495000,600,2
495000,950,2
495000,660,2
498000,350,2
499000,200,2
499000,208,2
499000,475,2
499000,450,2
499000,600,2
499000,400,2
499000,500,2
499900,300,2
500000,480,2
500000,600,2
500000,500,2
500000,230,2
500000,530,2
500000,180,2
500000,550,2
500000,678,2
500000,375,2
500000,450,2
500000,450,2
500000,190,2
500000,1350,2
500000,720,2
500000,600,2
500000,478,2
500000,720,2
500000,800,2
500000,830,2
500000,350,2
500000,650,2
500000,620,2
500000,600,2
500000,360,2
500000,730,2
500000,350,2
500000,302,2
500000,500,2
500000,390,2
500000,535,2
500000,415,2
500000,511,2
500000,598,2
500000,650,2
500000,390,2
500000,604,2
500000,400,2
500150,1,2
505000,175,2
505000,364,2
505594,423,2
508400,500,2
508800,296,2
509000,100,2
509720,1,2
510000,350,2
510000,420,2
510000,522,2
510000,850,2
510000,940,2
510000,800,2
510000,1100,2
510000,690,2
510000,250,2
510000,600,2
510000,470,2
510000,590,2
510000,1150,2
510000,700,2
510000,1,2
510000,1150,2
510000,500,2
510000,203,2
515000,500,2
515000,600,2
515000,550,2
516500,584,2
519000,450,2
519000,1300,2
519640,1,2
519640,1,2
519900,654,2
520000,550,2
520000,450,2
520000,678,2
520000,750,2
520000,270,2
520000,1050,2
520000,487,2
520000,633,2
520000,495,2
520000,968,2
520000,620,2
520000,380,2
520000,550,2
520000,200,2
520000,160,2
520000,185,2
520000,1,2
520000,450,2
520000,274,2
520000,600,2
520000,430,2
520000,550,2
520000,600,2
520000,680,2
520000,1170,2
520000,650,2
520000,390,2
520000,390,2
520000,530,2
520000,390,2
520000,391,2
520000,300,2
525000,406,2
525000,540,2
525000,400,2
525000,570,2
525000,350,2
525000,540,2
525000,550,2
525000,500,2
529000,440,2
529900,630,2
529999,77,2
530000,390,2
530000,850,2
530000,380,2
530000,500,2
530000,480,2
530000,490,2
530000,100,2
530000,350,2
530000,600,2
530000,500,2
530000,660,2
530000,160,2
530000,421,2
530000,400,2
530000,290,2
530000,350,2
530000,750,2
530000,530,2
530000,800,2
530000,598,2
530000,1300,2
530000,860,2
530000,800,2
530000,350,2
530000,400,2
530000,483,2
530000,250,2
530000,240,2
530000,450,2
530000,430,2
534000,350,2
535000,500,2
535000,210,2
535000,500,2
535000,550,2
535000,800,2
535000,520,2
535000,255,2
535000,780,2
535000,420,2
535000,190,2
535000,400,2
535000,500,2
538900,500,2
539000,700,2
539000,1200,2
540000,400,2
540000,670,2
540000,615,2
540000,500,2
540000,970,2
540000,450,2
540000,943,2
540000,200,2
540000,800,2
540000,500,2
540000,220,2
545000,1000,2
545000,802,2
545000,579,2
547000,340,2
550000,670,2
550000,630,2
550000,550,2
550000,565,2
550000,1031,2
550000,367,2
550000,470,2
550000,600,2
550000,720,2
550000,955,2
550000,400,2
550000,185,2
550000,250,2
550000,550,2
550000,850,2
550000,780,2
550000,640,2
550000,1230,2
550000,570,2
550000,550,2
550000,340,2
550000,615,2
550000,300,2
550000,430,2
550000,634,2
550000,650,2
550000,400,2
550000,900,2
550000,1280,2
550000,500,2
550000,750,2
550000,350,2
550000,320,2
550000,250,2
550000,450,2
550000,500,2
550000,580,2
550000,150,2
550000,550,2
550000,850,2
550000,100,2
550000,680,2
550000,750,2
550000,750,2
550000,370,2
550000,300,2
550000,1050,2
550000,950,2
550000,560,2
550000,700,2
550000,255,2
550000,553,2
550000,596,2
550000,750,2
550000,1380,2
550000,200,2
550000,250,2
554000,550,2
555000,105,2
555000,719,2
560000,700,2
560000,850,2
560000,541,2
560000,350,2
560000,500,2
560000,589,2
560000,890,2
560000,838,2
560000,590,2
560000,195,2
560000,520,2
560000,300,2
560000,800,2
560000,780,2
560000,425,2
560000,997,2
560000,300,2
560000,520,2
562000,780,2
562000,650,2
563798,567,2
564000,580,2
565000,500,2
565000,500,2
565000,500,2
565000,480,2
567483,576,2
569000,210,2
570000,690,2
570000,684,2
570000,1000,2
570000,265,2
570000,750,2
570000,550,2
570000,200,2
570901,576,2
570901,576,2
570901,576,2
572000,500,2
575000,1100,2
575000,550,2
575000,410,2
575000,680,2
575000,1100,2
579000,490,2
580000,300,2
580000,680,2
580000,180,2
580000,960,2
580000,185,2
580000,350,2
580000,300,2
580000,327,2
580000,1090,2
580000,700,2
580000,455,2
580000,350,2
580000,500,2
580000,185,2
580000,185,2
580000,185,2
580000,780,2
580000,610,2
580000,800,2
580000,670,2
580000,450,2
580000,750,2
580000,675,2
580000,200,2
580000,580,2
580000,450,2
580000,824,2
580000,400,2
580000,650,2
580000,700,2
580000,250,2
585000,370,2
585000,310,2
585000,450,2
585000,450,2
585000,520,2
585000,500,2
585000,530,2
585000,600,2
585000,680,2
585000,1050,2
585000,500,2
585000,1000,2
586000,700,2
588000,605,2
589000,112,2
590000,1,2
590000,650,2
590000,744,2
590000,700,2
590000,208,2
590000,252,2
590000,420,2
590000,750,2
590000,185,2
590000,750,2
590000,250,2
590000,800,2
590000,706,2
590000,800,2
590000,400,2
590000,400,2
590000,744,2
592912,300,2
595000,1000,2
595000,430,2
595000,600,2
595000,2300,2
595000,350,2
595000,1043,2
595000,380,2
595000,580,2
595000,498,2
595000,750,2
595000,500,2
595000,540,2
597000,674,2
598000,600,2
598000,315,2
598000,550,2
598500,875,2
599000,600,2
599000,400,2
599000,790,2
599000,630,2
600000,750,2
600000,690,2
600000,810,2
600000,386,2
600000,502,2
600000,400,2
600000,255,2
600000,650,2
600000,900,2
600000,1200,2
600000,800,2
600000,1,2
600000,300,2
600000,802,2
600000,745,2
600000,680,2
600000,600,2
600000,850,2
600000,404,2
600000,185,2
600000,185,2
600000,792,2
600000,1050,2
600000,900,2
600000,560,2
600000,685,2
600000,800,2
600000,900,2
600000,560,2
600000,420,2
600000,1300,2
600000,700,2
600000,480,2
600000,600,2
600000,820,2
600000,600,2
600000,600,2
600000,450,2
600000,500,2
600000,680,2
600000,650,2
600000,700,2
600000,470,2
600000,800,2
600000,1000,2
601000,605,2
605000,762,2
605000,420,2
607000,470,2
610000,700,2
610000,384,2
610000,580,2
610000,550,2
610000,697,2
615000,700,2
615000,255,2
615000,208,2
615000,440,2
615000,400,2
617000,200,2
617000,200,2
618000,105,2
618000,560,2
620000,953,2
620000,480,2
620000,166,2
620000,680,2
620000,300,2
620000,650,2
620000,1200,2
620000,1167,2
620000,305,2
620000,250,2
620000,370,2
620000,620,2
620000,450,2
620000,795,2
620000,800,2
626000,729,2
628000,1732,2
630000,300,2
630000,700,2
630000,880,2
630000,132,2
630000,200,2
630000,790,2
630000,660,2
630000,1300,2
630000,1300,2
630000,650,2
630000,900,2
630000,650,2
630000,620,2
630000,657,2
630000,520,2
630000,800,2
634980,500,2
635000,505,2
635000,250,2
635000,750,2
635000,680,2
635000,505,2
636000,600,2
636000,1050,2
637000,200,2
637000,200,2
639000,510,2
639000,730,2
639000,449,2
639000,240,2
639500,336,2
640000,185,2
640000,390,2
640000,750,2
640000,670,2
640000,200,2
640000,185,2
640000,911,2
640000,675,2
640000,720,2
640000,540,2
640000,325,2
640000,450,2
640000,400,2
640000,200,2
641000,650,2
642000,380,2
645000,290,2
645000,257,2
649000,650,2
649999,590,2
650000,950,2
650000,850,2
650000,810,2
650000,708,2
650000,700,2
650000,868,2
650000,650,2
650000,930,2
650000,1200,2
650000,660,2
650000,300,2
650000,735,2
650000,166,2
650000,1350,2
650000,500,2
650000,346,2
650000,860,2
650000,700,2
650000,500,2
650000,900,2
650000,600,2
650000,550,2
650000,320,2
650000,300,2
650000,868,2
650000,490,2
650000,600,2
650000,736,2
650000,330,2
650000,1000,2
650000,650,2
650000,1390,2
650000,600,2
650000,500,2
650000,1170,2
650000,445,2
650000,1400,2
650000,248,2
650000,460,2
650000,1500,2
650000,489,2
650000,278,2
658000,980,2
659600,620,2
660000,480,2
660000,300,2
660000,730,2
660000,560,2
660000,650,2
663000,450,2
668000,500,2
670000,320,2
670000,1200,2
670000,650,2
670000,840,2
670000,1050,2
670000,690,2
670000,1036,2
670000,780,2
674559,1012,2
675000,650,2
675000,560,2
675036,468,2
680000,30,2
680000,955,2
680000,523,2
680000,240,2
680000,150,2
680000,650,2
680000,670,2
680000,423,2
680000,850,2
680000,642,2
680000,380,2
680000,410,2
680000,700,2
680000,1,2
680000,430,2
680000,650,2
680000,900,2
680000,700,2
680000,240,2
680000,250,2
680000,355,2
685000,705,2
685000,730,2
687000,1250,2
690000,120,2
690000,320,2
690000,250,2
690000,427,2
690000,425,2
690000,260,2
690000,800,2
690000,700,2
690000,990,2
690000,285,2
690000,580,2
690000,1180,2
690000,350,2
690000,1050,2
690000,374,2
690000,620,2
690000,480,2
690000,220,2
690000,650,2
690000,408,2
690000,1001,2
690000,1600,2
690000,936,2
690000,225,2
695000,194,2
695000,370,2
695000,450,2
695000,190,2
698000,190,2
698310,500,2
699000,700,2
699000,600,2
699600,739,2
699900,166,2
700000,670,2
700000,250,2
700000,176,2
700000,587,2
700000,220,2
700000,872,2
700000,600,2
700000,720,2
700000,934,2
700000,750,2
700000,1000,2
700000,1000,2
700000,600,2
700000,500,2
700000,700,2
700000,260,2
700000,987,2
700000,228,2
700000,820,2
700000,410,2
700000,257,2
700000,786,2
700000,1500,2
700000,830,2
703000,868,2
710000,650,2
710000,750,2
712000,1513,2
715000,320,2
715000,940,2
718000,640,2
720000,800,2
720000,525,2
720000,1261,2
720000,852,2
720000,700,2
720000,320,2
720000,910,2
721000,220,2
725000,690,2
730000,360,2
730000,581,2
730000,800,2
730000,900,2
730000,1000,2
730000,360,2
730000,700,2
731400,250,2
732000,930,2
737704,680,2
740000,3400,2
740000,400,2
740000,950,2
742000,187,2
742000,250,2
742000,810,2
745000,200,2
745000,800,2
745000,300,2
746000,1090,2
749000,375,2
749000,825,2
749950,600,2
750000,800,2
750000,1000,2
750000,570,2
750000,815,2
750000,650,2
750000,750,2
750000,2240,2
750000,530,2
750000,450,2
750000,100,2
750000,225,2
750000,600,2
750000,280,2
750000,540,2
750000,800,2
750000,650,2
750000,740,2
750000,100,2
750000,1200,2
750000,1018,2
750000,290,2
750000,520,2
750000,1525,2
750000,720,2
750000,830,2
750000,2323,2
750000,840,2
750000,1280,2
750000,259,2
750000,371,2
750000,495,2
750000,520,2
750000,400,2
750000,1663,2
750000,870,2
750000,450,2
750000,740,2
750000,340,2
760000,900,2
760000,255,2
765000,400,2
765000,830,2
765000,780,2
770000,800,2
770000,1000,2
770000,850,2
770000,374,2
770000,300,2
770000,370,2
780000,700,2
780000,900,2
780000,1000,2
780000,560,2
780000,550,2
780000,1130,2
785000,750,2
785000,660,2
785000,500,2
790000,280,2
790000,560,2
790000,193,2
790000,350,2
790000,410,2
790000,212,2
790000,1000,2
790000,360,2
794000,320,2
795000,1018,2
795000,700,2
795000,562,2
795000,1500,2
795000,375,2
795000,332,2
795000,420,2
795000,205,2
795000,435,2
798000,600,2
798000,5532,2
798000,380,2
799000,480,2
799000,200,2
799900,600,2
799999,1800,2
800000,630,2
800000,780,2
800000,800,2
800000,1,2
800000,1440,2
800000,1700,2
800000,700,2
800000,400,2
800000,750,2
800000,400,2
800000,900,2
800000,400,2
800000,359,2
800000,1100,2
800000,770,2
800000,315,2
800000,350,2
800000,650,2
800000,421,2
800000,390,2
800000,530,2
800000,400,2
800000,250,2
800000,700,2
800000,375,2
803787,650,2
807000,1200,2
810000,680,2
810000,797,2
810000,330,2
810000,350,2
810000,800,2
810000,700,2
815000,410,2
815000,400,2
820000,412,2
820000,800,2
820000,600,2
820000,550,2
820000,670,2
820000,300,2
825000,330,2
826000,700,2
827000,700,2
830000,850,2
830000,900,2
830000,570,2
830000,550,2
830000,334,2
830000,256,2
830000,935,2
830000,325,2
830000,1000,2
830000,1350,2
830000,530,2
835000,1200,2
840000,700,2
840000,210,2
840000,1560,2
845000,950,2
845000,650,2
845000,490,2
850000,614,2
850000,580,2
850000,650,2
850000,750,2
850000,412,2
850000,845,2
850000,800,2
850000,320,2
850000,1568,2
850000,1600,2
850000,380,2
850000,1000,2
850000,440,2
850000,595,2
850000,253,2
850000,300,2
850000,850,2
850000,515,2
850000,300,2
850000,1239,2
850000,300,2
850000,770,2
850000,650,2
850000,630,2
850000,570,2
850000,400,2
850000,850,2
850000,650,2
850000,600,2
850000,350,2
850000,250,2
850000,357,2
860000,302,2
860000,650,2
860000,950,2
860000,780,2
860000,1598,2
865000,1345,2
868027,450,2
870000,870,2
870000,1500,2
870000,960,2
870000,900,2
870000,1300,2
870000,1400,2
870000,1300,2
870000,402,2
875000,250,2
878000,704,2
880000,752,2
880000,900,2
880000,300,2
880000,900,2
880000,1100,2
880000,1000,2
880000,615,2
880037,650,2
886016,400,2
889000,600,2
889000,600,2
890000,2198,2
890000,365,2
890000,906,2
890000,2400,2
890000,1200,2
890000,800,2
890000,690,2
890000,850,2
890000,1140,2
890000,350,2
890000,315,2
890000,500,2
890000,1490,2
890000,935,2
890000,850,2
893000,875,2
894100,584,2
899999,1698,2
900000,980,2
900000,700,2
900000,340,2
900000,800,2
900000,270,2
900000,1200,2
900000,700,2
900000,400,2
900000,700,2
900000,2000,2
900000,410,2
900000,1200,2
900000,511,2
900000,1335,2
900000,690,2
900000,302,2
900000,1000,2
900000,866,2
900000,850,2
900000,1000,2
900000,370,2
901000,900,2
903253,550,2
905000,500,2
910000,512,2
912600,840,2
913000,400,2
913499,900,2
914000,650,2
915000,1238,2
919000,800,2
919000,800,2
920000,800,2
920000,350,2
920000,1000,2
920000,1362,2
920000,340,2
920000,720,2
925000,225,2
930000,870,2
930000,470,2
930000,1000,2
930000,1000,2
930000,800,2
930000,1200,2
930000,679,2
931000,730,2
933000,820,2
939000,760,2
940000,150,2
940000,980,2
945000,350,2
949000,1300,2
950000,1500,2
950000,500,2
950000,600,2
950000,436,2
950000,1300,2
950000,1000,2
950000,850,2
950000,700,2
950000,600,2
950000,500,2
950000,400,2
950000,185,2
950000,2700,2
950000,700,2
950000,450,2
950000,300,2
950000,470,2
950000,1000,2
950000,560,2
950000,700,2
955000,1,2
957000,280,2
960000,650,2
960000,960,2
960000,3000,2
960000,550,2
960000,540,2
960000,410,2
960000,1200,2
960000,470,2
960640,550,2
968000,900,2
970000,337,2
970000,1774,2
970000,464,2
970000,996,2
970000,1200,2
979000,800,2
979000,549,2
979998,550,2
980000,1063,2
980000,1100,2
980000,960,2
980000,900,2
980000,400,2
980000,480,2
980000,800,2
980000,170,2
980000,1020,2
980000,380,2
980000,332,2
980000,1000,2
980000,1400,2
980000,800,2
980000,700,2
980000,400,2
980000,1115,2
980000,480,2
980000,1400,2
984509,550,2
985000,1000,2
985000,1881,2
986000,810,2
990000,650,2
990000,2100,2
990000,1100,2
990000,1490,2
990000,650,2
990000,320,2
990000,430,2
990000,330,2
990000,417,2
995000,900,2
999000,480,2
999000,1300,2
1e+06,147,2
1e+06,930,2
1e+06,1030,2
1e+06,490,2
1e+06,270,2
1e+06,1400,2
1e+06,200,2
1e+06,900,2
1e+06,1449,2
1e+06,2600,2
1e+06,1500,2
1e+06,1200,2
1e+06,704,2
1e+06,415,2
1.008e+06,200,2
1.01e+06,750,2
1.01e+06,390,2
1.019515e+06,550,2
1.02e+06,1090,2
1.03e+06,1000,2
3.45e+07,340,3
3.5e+07,10955,3
3.5e+07,10954,3
4.5e+07,1000,3
